date,season,opponent,home_score,away_score,attendance,status,game_pk,avg_temp_f,avg_precip_mm,n_promotions,is_promo,is_bobblehead,promotion_names,mets_wins,opp_wins,mets_losses,opp_losses,mets_win_pct,opp_win_pct,mets_streak_code,opp_streak_code,mets_streak_num,opp_streak_num,mets_games_back,opp_games_back,mets_starter_name,mets_starter_era,opp_starter_name,opp_starter_era,starter_era_diff,mets_starter_is_ace
2022-04-15,2022,Arizona Diamondbacks,10.0,3.0,43820.0,Final,662485,56.5,0.0,1,1,0,Jackie Robinson Brooklyn Dodgers Name and Number T-Shirt,6,2.0,2,5.0,0.75,0.286,W3,L1,3,-1.0,0.0,3.0,Chris Bassitt,0.0,Zach Davies,3.6,3.6,1
2022-04-16,2022,Arizona Diamondbacks,2.0,3.0,37935.0,Final,662626,56.7,0.0,1,1,0,Tom Seaver Replica Statue,6,3.0,3,5.0,0.667,0.375,L1,W1,-1,1.0,0.0,3.0,Carlos Carrasco,1.59,Zac Gallen,,,1
2022-04-17,2022,Arizona Diamondbacks,5.0,0.0,24515.0,Final,662625,48.1,0.0,0,0,0,,7,3.0,3,6.0,0.7,0.333,W1,L1,1,-1.0,0.0,4.0,David Peterson,,Humberto Castellanos,,,0
2022-04-19,2022,San Francisco Giants,3.0,1.0,27490.0,Final,662616,49.6,0.0,0,0,0,,9,7.0,3,4.0,0.75,0.636,W3,L2,3,-2.0,0.0,1.0,Max Scherzer,3.27,Logan Webb,1.29,-1.98,0
2022-04-19,2022,San Francisco Giants,5.0,4.0,,Final,662350,49.6,0.0,0,0,0,,9,7.0,3,4.0,0.75,0.636,W3,L2,3,-2.0,0.0,1.0,Tylor Megill,0.0,Alex Cobb,3.6,3.6,1
2022-04-20,2022,San Francisco Giants,2.0,5.0,30050.0,Final,662349,53.7,0.0,0,0,0,,9,8.0,4,4.0,0.692,0.667,L1,W1,-1,1.0,0.0,1.0,Chris Bassitt,0.75,Carlos Rodón,1.5,0.75,1
2022-04-21,2022,San Francisco Giants,6.0,2.0,28760.0,Final,662593,50.7,0.4,0,0,0,,10,8.0,4,5.0,0.714,0.615,W1,L1,1,-1.0,0.0,1.5,Carlos Carrasco,0.84,Anthony DeSclafani,4.32,3.4800000000000004,1
2022-04-29,2022,Philadelphia Phillies,3.0,0.0,32416.0,Final,662592,57.0,0.0,0,0,0,,15,10.0,6,11.0,0.714,0.476,W1,L1,1,-1.0,0.0,5.0,Tylor Megill,2.35,Aaron Nola,3.74,1.3900000000000001,1
2022-04-30,2022,Philadelphia Phillies,1.0,4.0,40036.0,Final,662591,59.7,0.0,1,1,1,Francisco Lindor Bobble Gnome,15,11.0,7,11.0,0.682,0.5,L1,W1,-1,1.0,0.0,4.0,Taijuan Walker,0.0,Kyle Gibson,3.47,3.47,1
2022-05-01,2022,Philadelphia Phillies,10.0,6.0,30608.0,Final,662579,56.1,0.0,0,0,0,,16,11.0,7,12.0,0.696,0.478,W1,L1,1,-1.0,0.0,5.0,Max Scherzer,1.8,Zach Eflin,3.2,1.4000000000000001,1
2022-05-02,2022,Atlanta Braves,2.0,5.0,23413.0,Final,662578,55.0,0.0,0,0,0,,16,11.0,8,13.0,0.667,0.458,L1,W1,-1,1.0,0.0,5.0,Chris Bassitt,2.25,Max Fried,3.0,0.75,1
2022-05-03,2022,Atlanta Braves,3.0,0.0,27206.0,Final,662459,55.9,0.0,0,0,0,,18,11.0,8,15.0,0.692,0.423,W2,L2,2,-2.0,0.0,7.0,Carlos Carrasco,4.5,Kyle Wright,1.12,-3.38,0
2022-05-03,2022,Atlanta Braves,5.0,4.0,,Final,662569,55.9,0.0,0,0,0,,18,11.0,8,15.0,0.692,0.423,W2,L2,2,-2.0,0.0,7.0,David Peterson,0.9,Charlie Morton,7.0,6.1,1
2022-05-04,2022,Atlanta Braves,2.0,9.0,23973.0,Final,662577,66.1,0.0,1,1,1,Trevor May Mandalorian Bobblehead,18,12.0,9,15.0,0.667,0.444,L1,W1,-1,1.0,0.0,6.0,Tylor Megill,1.93,Ian Anderson,4.66,2.7300000000000004,1
2022-05-13,2022,Seattle Mariners,1.0,2.0,36629.0,Final,662523,63.9,0.1,0,0,0,,22,15.0,12,18.0,0.647,0.455,L1,W1,-1,1.0,0.0,7.0,Max Scherzer,2.92,Marco Gonzales,3.91,0.9900000000000002,1
2022-05-14,2022,Seattle Mariners,5.0,4.0,37140.0,Final,662568,62.9,0.5,1,1,1,Polar Bear Pete Alonso Bobblehead,23,15.0,12,19.0,0.657,0.441,W1,L1,1,-1.0,0.0,7.0,Chris Bassitt,2.45,George Kirby,0.0,-2.45,1
2022-05-15,2022,Seattle Mariners,7.0,8.0,38476.0,Final,662567,62.9,0.0,1,1,0,Mr. & Mrs. Met Sidewalk Chalk,23,16.0,13,19.0,0.639,0.457,L1,W1,-1,1.0,0.0,7.0,Carlos Carrasco,3.19,Robbie Ray,4.22,1.0299999999999998,0
2022-05-17,2022,St. Louis Cardinals,3.0,4.0,27457.0,Final,662566,71.0,0.0,0,0,0,,24,20.0,14,16.0,0.632,0.556,L1,W1,-1,1.0,0.0,2.5,Taijuan Walker,3.0,Steven Matz,6.4,3.4000000000000004,0
2022-05-17,2022,St. Louis Cardinals,3.0,1.0,,Final,662507,71.0,0.0,0,0,0,,24,20.0,14,16.0,0.632,0.556,L1,W1,-1,1.0,0.0,2.5,Trevor Williams,18.0,Miles Mikolas,1.49,-16.51,0
2022-05-18,2022,St. Louis Cardinals,11.0,4.0,32798.0,Final,662554,63.6,0.0,0,0,0,,25,20.0,14,17.0,0.641,0.541,W1,L1,1,-1.0,0.0,3.5,Max Scherzer,2.66,Jordan Hicks,5.09,2.4299999999999997,1
2022-05-19,2022,St. Louis Cardinals,7.0,6.0,28801.0,Final,662520,65.5,0.0,0,0,0,,26,20.0,14,18.0,0.65,0.526,W2,L2,2,-2.0,0.0,4.0,Chris Bassitt,2.34,Dakota Hudson,3.06,0.7200000000000002,1
2022-05-27,2022,Philadelphia Phillies,8.0,6.0,30175.0,Final,662543,65.5,1.5,0,0,0,,30,21.0,17,25.0,0.638,0.457,W1,L1,1,-1.0,0.0,8.5,Carlos Carrasco,3.5,Bailey Falter,1.93,-1.57,0
2022-05-28,2022,Philadelphia Phillies,8.0,2.0,37455.0,Final,662556,71.9,0.1,0,0,0,,31,21.0,17,26.0,0.646,0.447,W2,L2,2,-2.0,0.0,9.5,Taijuan Walker,2.7,Zach Eflin,3.65,0.9499999999999997,1
2022-05-29,2022,Philadelphia Phillies,5.0,4.0,36513.0,Final,662555,69.9,0.0,0,0,0,,32,21.0,17,27.0,0.653,0.438,W3,L3,3,-3.0,0.0,10.5,Chris Bassitt,3.91,Zack Wheeler,3.38,-0.5300000000000002,0
2022-05-30,2022,Washington Nationals,13.0,5.0,22007.0,Final,662545,74.2,0.0,0,0,0,,33,18.0,17,32.0,0.66,0.36,W4,L1,4,-1.0,0.0,15.0,David Peterson,2.57,Erick Fedde,3.55,0.98,1
2022-05-31,2022,Washington Nationals,10.0,0.0,25263.0,Final,662544,84.0,0.0,0,0,0,,34,18.0,17,33.0,0.667,0.353,W5,L2,5,-2.0,0.0,16.0,Trevor Williams,7.2,Patrick Corbin,6.3,-0.9000000000000004,0
2022-06-01,2022,Washington Nationals,5.0,0.0,25417.0,Final,662457,64.4,0.0,0,0,0,,35,18.0,17,34.0,0.673,0.346,W6,L3,6,-3.0,0.0,17.0,Carlos Carrasco,3.98,Evan Lee,,,0
2022-06-14,2022,Milwaukee Brewers,4.0,0.0,28495.0,Final,662441,77.4,0.0,0,0,0,,41,34.0,22,29.0,0.651,0.54,W2,L1,2,-1.0,0.0,2.5,Chris Bassitt,4.48,Adrian Houser,3.92,-0.5600000000000005,0
2022-06-15,2022,Milwaukee Brewers,2.0,10.0,25422.0,Final,662480,71.0,0.0,0,0,0,,41,35.0,23,29.0,0.641,0.547,L1,W1,-1,1.0,0.0,1.5,David Peterson,3.37,Corbin Burnes,2.48,-0.8900000000000001,0
2022-06-16,2022,Milwaukee Brewers,5.0,4.0,25002.0,Final,662535,69.7,0.0,0,0,0,,42,35.0,23,30.0,0.646,0.538,W1,L1,1,-1.0,0.0,2.0,Tylor Megill,4.5,Aaron Ashby,4.5,0.0,0
2022-06-17,2022,Miami Marlins,10.0,4.0,36111.0,Final,662534,84.7,0.0,0,0,0,,43,28.0,23,34.0,0.652,0.452,W2,L2,2,-2.0,0.0,13.0,Carlos Carrasco,3.93,Pablo López,2.3,-1.6300000000000003,0
2022-06-18,2022,Miami Marlins,3.0,2.0,40021.0,Final,662533,65.9,0.0,0,0,0,,44,28.0,23,35.0,0.657,0.444,W3,L3,3,-3.0,0.0,14.0,Taijuan Walker,3.08,Braxton Garrett,4.0,0.9199999999999999,0
2022-06-19,2022,Miami Marlins,2.0,6.0,41255.0,Final,662532,71.3,0.0,0,0,0,,44,29.0,24,35.0,0.647,0.453,L1,W1,-1,1.0,0.0,13.0,Chris Bassitt,4.01,Sandy Alcantara,1.68,-2.33,0
2022-06-20,2022,Miami Marlins,6.0,0.0,34947.0,Final,662522,77.9,0.0,0,0,0,,45,29.0,24,36.0,0.652,0.446,W1,L1,1,-1.0,0.0,14.0,David Peterson,4.05,Trevor Rogers,5.87,1.8200000000000003,0
2022-06-28,2022,Houston Astros,1.0,9.0,36673.0,Final,662521,75.1,0.0,0,0,0,,47,46.0,28,27.0,0.627,0.63,L2,W1,-2,1.0,0.0,0.0,Carlos Carrasco,4.42,Framber Valdez,2.9,-1.52,0
2022-06-29,2022,Houston Astros,0.0,2.0,29230.0,Final,662440,76.2,0.0,0,0,0,,47,47.0,29,27.0,0.618,0.635,L3,W2,-3,2.0,0.0,0.0,Taijuan Walker,3.03,Justin Verlander,2.22,-0.8099999999999996,0
2022-07-01,2022,Texas Rangers,4.0,3.0,35639.0,Final,662439,82.1,0.0,0,0,0,,48,36.0,29,39.0,0.623,0.48,W1,L2,1,-2.0,0.0,12.5,David Peterson,3.35,Glenn Otto Jr.,5.31,1.9599999999999995,0
2022-07-02,2022,Texas Rangers,3.0,7.0,26494.0,Final,662456,76.2,2.8,0,0,0,,48,37.0,30,39.0,0.615,0.487,L1,W1,-1,1.0,0.0,12.5,Trevor Williams,4.88,Martín Pérez,2.22,-2.6599999999999997,0
2022-07-03,2022,Texas Rangers,4.0,1.0,25241.0,Final,662509,81.9,0.0,0,0,0,,49,37.0,30,40.0,0.62,0.481,W1,L1,1,-1.0,0.0,13.5,Carlos Carrasco,4.85,Jon Gray,3.89,-0.9599999999999995,0
2022-07-07,2022,Miami Marlins,10.0,0.0,30555.0,Final,662508,75.9,0.0,0,0,0,,52,39.0,31,42.0,0.627,0.481,W2,L2,2,-2.0,0.0,12.0,Trevor Williams,5.86,Daniel Castano,2.86,-3.0000000000000004,0
2022-07-08,2022,Miami Marlins,2.0,5.0,25208.0,Final,662498,77.4,0.0,0,0,0,,52,40.0,32,42.0,0.619,0.488,L1,W1,-1,1.0,0.0,11.0,Chris Bassitt,4.01,Pablo López,2.97,-1.0399999999999996,0
2022-07-09,2022,Miami Marlins,5.0,4.0,43336.0,Final,662497,78.0,0.0,1,1,1,Keith Hernandez Bobblehead,53,40.0,32,43.0,0.624,0.482,W1,L1,1,-1.0,0.0,12.0,Carlos Carrasco,4.64,Braxton Garrett,4.25,-0.3899999999999997,0
2022-07-10,2022,Miami Marlins,0.0,2.0,34774.0,Final,662496,75.8,0.0,0,0,0,,53,41.0,33,43.0,0.616,0.488,L1,W1,-1,1.0,0.0,11.0,Taijuan Walker,2.86,Sandy Alcantara,1.82,-1.0399999999999998,1
2022-07-22,2022,San Diego Padres,1.0,4.0,36855.0,Final,662481,85.4,0.0,0,0,0,,58,53.0,36,42.0,0.617,0.558,L2,W1,-2,1.0,0.0,10.5,Max Scherzer,2.22,Yu Darvish,3.41,1.19,1
2022-07-23,2022,San Diego Padres,1.0,2.0,39359.0,Final,662495,86.5,0.0,0,0,0,,58,54.0,37,42.0,0.611,0.563,L3,W2,-3,2.0,0.0,10.5,Chris Bassitt,3.79,Blake Snell,5.22,1.4299999999999997,0
2022-07-24,2022,San Diego Padres,8.0,5.0,35475.0,Final,662458,88.7,0.0,1,1,1,Gil Hodges Bobblehead,59,54.0,37,43.0,0.615,0.557,W1,L1,1,-1.0,0.0,11.5,Carlos Carrasco,4.27,Joe Musgrove,2.42,-1.8499999999999996,0
2022-07-26,2022,New York Yankees,6.0,3.0,42364.0,Final,662438,79.2,0.0,0,0,0,,60,66.0,37,32.0,0.619,0.673,W2,L1,2,-1.0,0.0,0.0,Taijuan Walker,2.55,Jordan Montgomery,3.24,0.6900000000000004,1
2022-07-27,2022,New York Yankees,3.0,2.0,43693.0,Final,662420,79.5,0.0,0,0,0,,61,66.0,37,33.0,0.622,0.667,W3,L2,3,-2.0,0.0,0.0,Max Scherzer,2.28,Domingo Germán,15.0,12.72,1
2022-08-04,2022,Atlanta Braves,6.0,4.0,38693.0,Final,662419,83.7,0.0,0,0,0,,67,63.0,38,43.0,0.638,0.594,W2,L2,2,-2.0,0.0,4.5,Carlos Carrasco,3.79,Kyle Wright,2.93,-0.8599999999999999,0
2022-08-05,2022,Atlanta Braves,6.0,9.0,40305.0,Final,662418,84.9,0.0,0,0,0,,67,64.0,39,43.0,0.632,0.598,L1,W1,-1,1.0,0.0,3.5,Taijuan Walker,2.79,Ian Anderson,4.99,2.2,1
2022-08-06,2022,Atlanta Braves,6.0,2.0,37452.0,Final,662417,82.6,0.0,1,1,1,Jacob deGrom Strikeout Counter Bobblehead,69,64.0,39,45.0,0.639,0.587,W2,L2,2,-2.0,0.0,5.5,Max Scherzer,2.13,Max Fried,2.58,0.4500000000000002,1
2022-08-06,2022,Atlanta Braves,8.0,5.0,37790.0,Final,662499,82.6,0.0,1,1,1,Jacob deGrom Strikeout Counter Bobblehead,69,64.0,39,45.0,0.639,0.587,W2,L2,2,-2.0,0.0,5.5,David Peterson,3.43,Jake Odorizzi,3.75,0.31999999999999984,0
2022-08-07,2022,Atlanta Braves,5.0,2.0,37717.0,Final,662416,84.0,0.2,0,0,0,,70,64.0,39,46.0,0.642,0.582,W3,L3,3,-3.0,0.0,6.5,Jacob deGrom,1.8,Spencer Strider,3.02,1.22,1
2022-08-08,2022,Cincinnati Reds,5.0,1.0,28448.0,Final,662445,83.2,0.0,0,0,0,,71,44.0,39,64.0,0.645,0.407,W4,L1,4,-1.0,0.0,16.0,Chris Bassitt,3.61,Justin Dunn,,,0
2022-08-09,2022,Cincinnati Reds,6.0,2.0,30816.0,Final,662444,86.7,0.6,0,0,0,,72,44.0,39,65.0,0.649,0.404,W5,L2,5,-2.0,0.0,16.0,Carlos Carrasco,3.82,Mike Minor,6.19,2.3700000000000006,0
2022-08-10,2022,Cincinnati Reds,10.0,2.0,36883.0,Final,662443,81.7,0.0,0,0,0,,73,44.0,39,66.0,0.652,0.4,W6,L3,6,-3.0,0.0,17.0,Taijuan Walker,3.45,T.J. Zeuch,,,0
2022-08-12,2022,Philadelphia Phillies,1.0,2.0,38467.0,Final,662434,81.3,0.0,0,0,0,,73,63.0,40,49.0,0.646,0.563,L1,W1,-1,1.0,0.0,9.5,Max Scherzer,1.98,Ranger Suarez,3.68,1.7000000000000002,1
2022-08-13,2022,Philadelphia Phillies,1.0,0.0,43857.0,Final,662428,78.2,0.0,1,1,1,Ron Darling Bobblehead,74,63.0,40,50.0,0.649,0.558,W1,L1,1,-1.0,0.0,10.5,Jacob deGrom,2.53,Aaron Nola,3.17,0.6400000000000001,1
2022-08-14,2022,Philadelphia Phillies,6.0,0.0,40513.0,Final,662427,75.8,0.0,0,0,0,,75,63.0,40,51.0,0.652,0.553,W2,L2,2,-2.0,0.0,11.5,Chris Bassitt,3.39,Zack Wheeler,2.63,-0.7600000000000002,0
2022-08-25,2022,Colorado Rockies,3.0,1.0,37377.0,Final,662433,81.7,0.0,0,0,0,,80,54.0,46,72.0,0.635,0.429,W1,L2,1,-2.0,0.0,33.5,Jacob deGrom,2.31,Ryan Feltner,6.24,3.93,1
2022-08-26,2022,Colorado Rockies,7.0,6.0,32447.0,Final,662432,79.4,0.0,1,1,1,Max Scherzer Strikeout Counter Bobblehead,81,54.0,46,73.0,0.638,0.425,W2,L3,2,-3.0,0.0,34.5,Chris Bassitt,3.26,Chad Kuhl,5.16,1.9000000000000004,0
2022-08-27,2022,Colorado Rockies,3.0,0.0,42617.0,Final,662442,81.2,0.0,0,0,0,,82,54.0,46,74.0,0.641,0.422,W3,L4,3,-4.0,0.0,34.5,David Peterson,3.33,Kyle Freeland,4.93,1.5999999999999996,0
2022-08-28,2022,Colorado Rockies,0.0,1.0,36396.0,Final,662446,76.6,0.1,0,0,0,,82,55.0,47,74.0,0.636,0.426,L1,W1,-1,1.0,0.0,34.5,Max Scherzer,2.33,Germán Márquez,5.22,2.8899999999999997,1
2022-08-30,2022,Los Angeles Dodgers,3.0,4.0,40607.0,Final,662426,79.1,0.0,0,0,0,,82,90.0,48,38.0,0.631,0.703,L2,W3,-2,3.0,0.0,0.0,Taijuan Walker,3.38,Andrew Heaney,1.94,-1.44,0
2022-08-31,2022,Los Angeles Dodgers,2.0,1.0,41799.0,Final,662447,80.8,0.0,0,0,0,,83,90.0,48,39.0,0.634,0.698,W1,L1,1,-1.0,0.0,0.0,Jacob deGrom,2.15,Tyler Anderson,2.71,0.56,1
2022-09-01,2022,Los Angeles Dodgers,5.0,3.0,36908.0,Final,662410,81.6,0.0,0,0,0,,84,90.0,48,40.0,0.636,0.692,W2,L2,2,-2.0,0.0,0.0,Chris Bassitt,3.34,Clayton Kershaw,2.64,-0.6999999999999997,0
2022-09-02,2022,Washington Nationals,7.0,3.0,33630.0,Final,662409,73.5,0.0,0,0,0,,85,45.0,48,87.0,0.639,0.341,W3,L1,3,-1.0,0.0,39.5,David Peterson,3.09,Josiah Gray,4.67,1.58,0
2022-09-03,2022,Washington Nationals,1.0,7.0,33509.0,Final,662425,74.3,0.0,0,0,0,,85,46.0,49,87.0,0.634,0.346,L1,W1,-1,1.0,0.0,38.5,Max Scherzer,2.27,Patrick Corbin,6.56,4.289999999999999,1
2022-09-04,2022,Washington Nationals,1.0,7.0,31711.0,Final,662424,79.6,0.0,0,0,0,,85,47.0,50,87.0,0.63,0.351,L2,W2,-2,2.0,0.0,37.5,Carlos Carrasco,3.92,Erick Fedde,5.29,1.37,0
2022-09-12,2022,Chicago Cubs,2.0,5.0,28081.0,Final,662423,78.8,0.0,0,0,0,,89,59.0,53,82.0,0.627,0.418,L1,W1,-1,1.0,0.0,24.0,Chris Bassitt,3.24,Javier Assad,2.51,-0.7300000000000004,0
2022-09-13,2022,Chicago Cubs,1.0,4.0,26435.0,Final,662430,74.7,0.1,0,0,0,,89,60.0,54,82.0,0.622,0.423,L2,W2,-2,2.0,0.0,23.0,Jacob deGrom,1.66,Adrian Sampson,4.06,2.3999999999999995,1
2022-09-14,2022,Chicago Cubs,3.0,6.0,28522.0,Final,662422,75.2,0.0,1,1,1,Sparky and Mr. Met Bobblehead,89,61.0,55,82.0,0.618,0.427,L3,W3,-3,3.0,0.0,23.0,David Peterson,3.38,Drew Smyly,3.57,0.18999999999999995,0
2022-09-15,2022,Pittsburgh Pirates,7.0,1.0,25683.0,Final,662398,68.2,0.0,0,0,0,,90,55.0,55,89.0,0.621,0.382,W1,L1,1,-1.0,0.0,29.0,Carlos Carrasco,3.8,JT Brubaker,4.36,0.5600000000000005,0
2022-09-16,2022,Pittsburgh Pirates,4.0,3.0,28928.0,Final,662404,70.5,0.0,0,0,0,,91,55.0,55,90.0,0.623,0.379,W2,L2,2,-2.0,0.0,30.0,Taijuan Walker,3.48,Mitch Keller,4.05,0.5699999999999998,0
2022-09-17,2022,Pittsburgh Pirates,5.0,1.0,40111.0,Final,662403,68.8,0.0,1,1,1,Gary Cohen Bobblehead,92,55.0,55,91.0,0.626,0.377,W3,L3,3,-3.0,0.0,31.5,Chris Bassitt,3.44,Bryse Wilson,6.72,3.28,0
2022-09-18,2022,Pittsburgh Pirates,7.0,3.0,36291.0,Final,662402,77.9,0.0,0,0,0,,93,55.0,55,92.0,0.628,0.374,W4,L4,4,-4.0,0.0,31.5,Jacob deGrom,2.01,Johan Oviedo,4.3,2.29,1
2022-09-27,2022,Miami Marlins,4.0,6.0,29067.0,Final,662401,66.4,0.0,0,0,0,,97,64.0,58,90.0,0.626,0.416,L1,W1,-1,1.0,0.0,32.5,Carlos Carrasco,3.79,Pablo López,3.88,0.08999999999999986,0
2022-09-28,2022,Miami Marlins,5.0,4.0,28228.0,Final,662400,66.4,0.0,0,0,0,,98,64.0,58,91.0,0.628,0.413,W1,L1,1,-1.0,0.0,33.5,Taijuan Walker,3.53,Jesús Luzardo,3.57,0.040000000000000036,0
2022-10-04,2022,Washington Nationals,8.0,0.0,23649.0,Final,661095,55.9,2.6,0,0,0,,100,55.0,61,106.0,0.621,0.342,W2,L4,2,-4.0,1.0,46.0,Taijuan Walker,3.59,Paolo Espino,5.08,1.4900000000000002,0
2022-10-04,2022,Washington Nationals,4.0,2.0,,Final,661094,55.9,2.6,0,0,0,,100,55.0,61,106.0,0.621,0.342,W2,L4,2,-4.0,1.0,46.0,Carlos Carrasco,3.95,Cory Abbott,5.91,1.96,0
2022-10-05,2022,Washington Nationals,9.0,2.0,27298.0,Final,662488,60.0,0.0,0,0,0,,101,55.0,61,107.0,0.623,0.34,W3,L5,3,-5.0,0.0,46.0,Trevor Williams,4.19,Erick Fedde,5.27,1.0799999999999992,0
2023-04-07,2023,Miami Marlins,9.0,3.0,43590.0,Final,718693,51.4,0.0,0,0,0,,4,3.0,4,5.0,0.5,0.375,W1,L1,1,-1.0,2.0,3.0,Tylor Megill,3.6,Edward Cabrera,4.5,0.8999999999999999,0
2023-04-08,2023,Miami Marlins,5.0,2.0,42306.0,Final,718661,46.2,0.0,1,1,0,Citi Field Replica,5,3.0,4,6.0,0.556,0.333,W2,L2,2,-2.0,1.0,3.0,Kodai Senga,1.69,Trevor Rogers,6.23,4.540000000000001,1
2023-04-09,2023,Miami Marlins,2.0,7.0,33697.0,Final,718647,45.7,0.0,0,0,0,,5,4.0,5,6.0,0.5,0.4,L1,W1,-1,1.0,1.0,2.0,Carlos Carrasco,11.25,Braxton Garrett,,,0
2023-04-10,2023,San Diego Padres,5.0,0.0,30244.0,Final,718634,52.5,0.0,0,0,0,,6,6.0,5,5.0,0.545,0.545,W1,L1,1,-1.0,1.0,1.0,Max Scherzer,6.35,Yu Darvish,1.8,-4.55,0
2023-04-11,2023,San Diego Padres,2.0,4.0,30769.0,Final,718621,69.0,0.0,0,0,0,,6,7.0,6,5.0,0.5,0.583,L1,W1,-1,1.0,2.0,0.0,David Peterson,6.0,Ryan Weathers,3.6,-2.4,0
2023-04-12,2023,San Diego Padres,5.0,2.0,34876.0,Final,718610,77.0,0.0,0,0,0,,7,7.0,6,6.0,0.538,0.538,W1,L1,1,-1.0,2.0,1.0,Tylor Megill,1.64,Blake Snell,7.88,6.24,1
2023-04-25,2023,Washington Nationals,0.0,5.0,20507.0,Final,718431,55.1,0.0,0,0,0,,14,8.0,10,14.0,0.583,0.364,L3,W1,-3,1.0,2.0,7.0,José Buttó,1.8,Josiah Gray,3.74,1.9400000000000002,1
2023-04-26,2023,Washington Nationals,1.0,4.0,20191.0,Final,718412,52.9,0.0,0,0,0,,14,9.0,11,14.0,0.56,0.391,L4,W2,-4,2.0,3.0,7.0,Kodai Senga,4.29,MacKenzie Gore,3.43,-0.8599999999999999,0
2023-04-27,2023,Washington Nationals,9.0,8.0,20726.0,Final,718398,53.5,0.0,0,0,0,,15,9.0,11,15.0,0.577,0.375,W1,L1,1,-1.0,2.0,7.0,Joey Lucchesi,0.0,Trevor Williams,3.38,3.38,1
2023-05-01,2023,Atlanta Braves,5.0,3.0,27603.0,Final,718361,56.6,0.0,0,0,0,,16,19.0,13,10.0,0.552,0.655,W1,L1,1,-1.0,3.0,0.0,Tylor Megill,3.96,Charlie Morton,2.76,-1.2000000000000002,0
2023-05-01,2023,Atlanta Braves,8.0,9.0,,Final,718352,56.6,0.0,0,0,0,,16,19.0,13,10.0,0.552,0.655,W1,L1,1,-1.0,3.0,0.0,Denyi Reyes,,Spencer Strider,1.8,,0
2023-05-05,2023,Colorado Rockies,1.0,0.0,25854.0,Final,718302,55.2,0.9,0,0,0,,17,12.0,16,21.0,0.515,0.364,W1,L1,1,-1.0,5.0,7.0,Kodai Senga,4.15,Antonio Senzatela,,,0
2023-05-06,2023,Colorado Rockies,2.0,5.0,35692.0,Final,718290,65.2,0.0,2,1,0,Handmade by Robots Knit Series Mrs. Met; Mental Health Awareness Day,17,13.0,17,21.0,0.5,0.382,L1,W1,-1,1.0,6.0,7.0,Tylor Megill,4.11,Austin Gomber,7.57,3.46,0
2023-05-07,2023,Colorado Rockies,6.0,13.0,36501.0,Final,718276,63.9,0.0,0,0,0,,17,14.0,18,21.0,0.486,0.4,L2,W2,-2,2.0,7.0,7.0,Joey Lucchesi,3.86,Ryan Feltner,4.45,0.5900000000000003,0
2023-05-16,2023,Tampa Bay Rays,5.0,8.0,28296.0,Final,718150,75.0,0.0,0,0,0,,20,32.0,23,11.0,0.465,0.744,L2,W2,-2,2.0,6.5,0.0,Justin Verlander,2.25,Jalen Beeks,1.29,-0.96,1
2023-05-17,2023,Tampa Bay Rays,8.0,7.0,29695.0,Final,718135,60.0,0.0,0,0,0,,21,32.0,23,12.0,0.477,0.727,W1,L1,1,-1.0,6.5,0.0,Kodai Senga,4.14,Josh Fleming,15.0,10.86,0
2023-05-18,2023,Tampa Bay Rays,3.0,2.0,29946.0,Final,718122,54.9,0.0,0,0,0,,22,32.0,23,13.0,0.489,0.711,W2,L2,2,-2.0,6.0,0.0,Tylor Megill,4.02,Taj Bradley,3.52,-0.49999999999999956,0
2023-05-19,2023,Cleveland Guardians,10.0,9.0,35010.0,Final,718119,60.5,0.0,0,0,0,,23,20.0,23,24.0,0.5,0.455,W3,L1,3,-1.0,6.0,3.5,Carlos Carrasco,8.56,Cal Quantrill,3.97,-4.59,0
2023-05-21,2023,Cleveland Guardians,2.0,1.0,29862.0,Final,718082,67.6,0.0,0,0,0,,25,20.0,23,26.0,0.521,0.435,W5,L3,5,-3.0,5.0,4.5,Justin Verlander,4.76,Shane Bieber,3.2,-1.5599999999999996,0
2023-05-21,2023,Cleveland Guardians,5.0,4.0,39995.0,Final,718099,67.6,0.0,0,0,0,,25,20.0,23,26.0,0.521,0.435,W5,L3,5,-3.0,5.0,4.5,Max Scherzer,4.88,Tanner Bibee,3.22,-1.6599999999999997,0
2023-05-30,2023,Philadelphia Phillies,2.0,0.0,36236.0,Final,717962,63.4,0.0,0,0,0,,28,25.0,27,29.0,0.509,0.463,W1,L2,1,-2.0,4.0,6.5,Kodai Senga,3.94,Ranger Suarez,9.82,5.880000000000001,0
2023-05-31,2023,Philadelphia Phillies,4.0,1.0,39641.0,Final,717944,67.0,0.0,1,1,1,Howie Rose Sound Bobblehead,29,25.0,27,30.0,0.518,0.455,W2,L3,2,-3.0,4.0,7.5,Carlos Carrasco,6.75,Aaron Nola,4.59,-2.16,0
2023-06-01,2023,Philadelphia Phillies,4.0,2.0,38302.0,Final,717934,71.8,0.0,0,0,0,,30,25.0,27,31.0,0.526,0.446,W3,L4,3,-4.0,3.5,8.0,Max Scherzer,3.54,Taijuan Walker,5.57,2.0300000000000002,0
2023-06-02,2023,Toronto Blue Jays,0.0,3.0,42637.0,Final,717929,74.5,0.0,0,0,0,,30,31.0,28,27.0,0.517,0.534,L1,W2,-1,2.0,3.5,9.0,Justin Verlander,4.8,Chris Bassitt,3.8,-1.0,0
2023-06-03,2023,Toronto Blue Jays,1.0,2.0,37704.0,Final,717910,64.7,0.0,1,1,0,Mets Hall of Fame Induction Ceremony,30,32.0,29,27.0,0.508,0.542,L2,W3,-2,3.0,4.5,8.5,Tylor Megill,4.67,José Berríos,3.86,-0.81,0
2023-06-04,2023,Toronto Blue Jays,4.0,6.0,42169.0,Final,717900,64.9,0.0,1,1,0,Pete Alonso Neon Sunglasses,30,33.0,30,27.0,0.5,0.55,L3,W4,-3,4.0,5.5,8.5,Kodai Senga,3.44,Yusei Kikuchi,4.47,1.0299999999999998,0
2023-06-13,2023,New York Yankees,6.0,7.0,43707.0,Final,717779,77.3,0.0,0,0,0,,31,39.0,36,29.0,0.463,0.574,L2,W1,-2,1.0,9.5,8.0,Max Scherzer,3.71,Luis Severino,5.75,2.04,0
2023-06-14,2023,New York Yankees,4.0,3.0,44121.0,Final,717766,64.2,0.5,0,0,0,,32,39.0,36,30.0,0.471,0.565,W1,L1,1,-1.0,10.0,9.0,Justin Verlander,4.85,Gerrit Cole,2.84,-2.01,0
2023-06-16,2023,St. Louis Cardinals,6.0,1.0,33948.0,Final,717743,66.9,2.6,1,1,0,Pride Night,33,27.0,36,43.0,0.478,0.386,W2,L6,2,-6.0,10.5,8.5,Tylor Megill,5.14,Miles Mikolas,4.02,-1.12,0
2023-06-17,2023,St. Louis Cardinals,3.0,5.0,39143.0,Final,717718,73.7,0.0,0,0,0,,33,28.0,37,43.0,0.471,0.394,L1,W1,-1,1.0,11.5,8.5,Kodai Senga,3.34,Adam Wainwright,5.79,2.45,0
2023-06-18,2023,St. Louis Cardinals,7.0,8.0,43110.0,Final,717713,76.4,0.0,1,1,0,Father's Day Bucket Hat,33,29.0,38,43.0,0.465,0.403,L2,W2,-2,2.0,12.5,8.5,Carlos Carrasco,5.71,Matthew Liberatore,4.5,-1.21,0
2023-06-26,2023,Milwaukee Brewers,1.0,2.0,34384.0,Final,717607,74.3,0.1,2,1,1,Starling Marte Black Panther Bobblehead; Black Legacy Game,35,41.0,43,37.0,0.449,0.526,L2,W2,-2,2.0,16.0,0.0,Justin Verlander,4.5,Colin Rea,4.79,0.29000000000000004,0
2023-06-27,2023,Milwaukee Brewers,7.0,2.0,35295.0,Final,717597,73.4,0.0,1,1,1,Mr. Met as Indiana Jones Bobblehead,36,41.0,43,38.0,0.456,0.519,W1,L1,1,-1.0,16.0,0.5,David Peterson,8.08,Julio Teheran,1.53,-6.55,0
2023-06-28,2023,Milwaukee Brewers,2.0,5.0,28440.0,Final,717581,74.6,0.7,0,0,0,,36,42.0,44,38.0,0.45,0.525,L1,W1,-1,1.0,17.0,0.5,Kodai Senga,3.52,Wade Miley,2.91,-0.6099999999999999,0
2023-06-29,2023,Milwaukee Brewers,2.0,3.0,30282.0,Final,717565,75.9,0.0,1,1,0,Filipino Heritage Night,36,43.0,45,38.0,0.444,0.531,L2,W2,-2,2.0,17.5,0.0,Max Scherzer,3.95,Adrian Houser,4.33,0.3799999999999999,0
2023-06-30,2023,San Francisco Giants,4.0,5.0,30116.0,Final,717556,75.1,0.0,0,0,0,,36,46.0,46,36.0,0.439,0.561,L3,W1,-3,1.0,18.5,2.5,Carlos Carrasco,6.19,Alex Cobb,3.09,-3.1000000000000005,0
2023-07-01,2023,San Francisco Giants,4.0,1.0,34887.0,Final,717535,74.1,0.0,0,0,0,,37,46.0,46,37.0,0.446,0.554,W1,L1,1,-1.0,18.5,3.5,Justin Verlander,4.11,Anthony DeSclafani,4.28,0.16999999999999993,0
2023-07-02,2023,San Francisco Giants,8.0,4.0,28473.0,Final,717525,77.1,0.8,0,0,0,,38,46.0,46,38.0,0.452,0.548,W2,L2,2,-2.0,18.5,3.5,David Peterson,7.0,Ross Stripling,6.65,-0.34999999999999964,0
2023-07-14,2023,Los Angeles Dodgers,0.0,6.0,40503.0,Final,717413,77.0,0.1,0,0,0,,42,52.0,49,38.0,0.462,0.578,L3,W5,-3,5.0,19.5,0.0,Justin Verlander,3.6,Julio Urías,4.76,1.1599999999999997,0
2023-07-15,2023,Los Angeles Dodgers,1.0,5.0,38225.0,Final,717400,79.3,0.3,0,0,0,,42,53.0,50,38.0,0.457,0.582,L4,W6,-4,6.0,19.5,0.0,Kodai Senga,3.31,Tony Gonsolin,3.86,0.5499999999999998,0
2023-07-16,2023,Los Angeles Dodgers,2.0,1.0,34805.0,Final,717385,76.2,0.8,0,0,0,,43,53.0,50,39.0,0.462,0.576,W1,L1,1,-1.0,18.5,0.0,Max Scherzer,4.31,Bobby Miller,4.5,0.1900000000000004,0
2023-07-18,2023,Chicago White Sox,11.0,10.0,37109.0,Final,717359,78.2,0.1,1,1,0,Mets Basketball Jersey,44,40.0,50,56.0,0.468,0.417,W2,L1,2,-1.0,17.5,9.0,Carlos Carrasco,5.16,Lucas Giolito,3.45,-1.71,0
2023-07-19,2023,Chicago White Sox,5.0,1.0,34873.0,Final,717341,76.8,0.0,1,1,0,Topps Baseball Cards,45,40.0,50,57.0,0.474,0.412,W3,L2,3,-2.0,16.5,10.0,Justin Verlander,3.72,Touki Toussaint,4.38,0.6599999999999997,0
2023-07-20,2023,Chicago White Sox,2.0,6.0,34751.0,Final,717330,78.1,0.0,0,0,0,,45,41.0,51,57.0,0.469,0.418,L1,W1,-1,1.0,17.5,9.0,Jose Quintana,,Michael Kopech,4.47,,0
2023-07-27,2023,Washington Nationals,2.0,1.0,32834.0,Final,717241,86.1,0.0,1,1,0,Mets Soccer Jersey,48,43.0,54,60.0,0.471,0.417,W1,L1,1,-1.0,17.0,22.5,Kodai Senga,3.27,Josiah Gray,3.45,0.18000000000000016,0
2023-07-28,2023,Washington Nationals,5.0,1.0,25385.0,Final,717230,84.7,0.0,0,0,0,,49,43.0,54,61.0,0.476,0.413,W2,L2,2,-2.0,17.0,23.5,Max Scherzer,4.2,MacKenzie Gore,4.37,0.16999999999999993,0
2023-07-29,2023,Washington Nationals,6.0,11.0,30858.0,Final,717215,86.9,0.6,0,0,0,,49,44.0,55,61.0,0.471,0.419,L1,W1,-1,1.0,18.0,23.5,Carlos Carrasco,5.82,Patrick Corbin,5.01,-0.8100000000000005,0
2023-07-30,2023,Washington Nationals,5.0,2.0,33861.0,Final,717203,75.8,0.0,0,0,0,,50,44.0,55,62.0,0.476,0.415,W1,L1,1,-1.0,18.0,24.5,Justin Verlander,3.24,Trevor Williams,4.47,1.2299999999999995,0
2023-08-07,2023,Chicago Cubs,11.0,2.0,29070.0,Final,717092,77.6,2.8,0,0,0,,51,58.0,61,55.0,0.455,0.513,W1,L1,1,-1.0,20.0,2.5,Kodai Senga,3.25,Drew Smyly,4.64,1.3899999999999997,0
2023-08-08,2023,Chicago Cubs,2.0,3.0,29640.0,Final,717080,76.5,0.0,0,0,0,,51,59.0,62,55.0,0.451,0.518,L1,W1,-1,1.0,21.0,1.5,Carlos Carrasco,6.6,Jameson Taillon,5.36,-1.2399999999999993,0
2023-08-09,2023,Chicago Cubs,4.0,3.0,37527.0,Final,717062,81.6,0.0,1,1,0,Mets Football Jersey,52,59.0,62,56.0,0.456,0.513,W1,L1,1,-1.0,21.0,2.5,David Peterson,6.12,Kyle Hendricks,3.98,-2.14,0
2023-08-11,2023,Atlanta Braves,0.0,7.0,37339.0,Final,717040,80.3,0.0,0,0,0,,52,73.0,63,41.0,0.452,0.64,L1,W1,-1,1.0,21.5,0.0,Tylor Megill,5.45,Charlie Morton,3.86,-1.5900000000000003,0
2023-08-12,2023,Atlanta Braves,0.0,6.0,30254.0,Final,717021,76.5,0.5,0,0,0,,52,75.0,65,41.0,0.444,0.647,L3,W3,-3,3.0,23.5,0.0,Jose Quintana,3.42,Spencer Strider,3.94,0.52,0
2023-08-12,2023,Atlanta Braves,3.0,21.0,39859.0,Final,718371,76.5,0.5,0,0,0,,52,75.0,65,41.0,0.444,0.647,L3,W3,-3,3.0,23.5,0.0,Denyi Reyes,45.0,Allan Winans,4.15,-40.85,0
2023-08-13,2023,Atlanta Braves,7.0,6.0,30338.0,Final,717013,83.5,0.0,1,1,0,Irish Heritage Night,53,75.0,65,42.0,0.449,0.641,W1,L1,1,-1.0,22.5,0.0,Kodai Senga,3.24,Yonny Chirinos,7.27,4.029999999999999,0
2023-08-14,2023,Pittsburgh Pirates,7.0,2.0,23151.0,Final,717002,79.0,0.0,1,1,0,Korean Heritage Night,54,53.0,65,66.0,0.454,0.445,W2,L2,2,-2.0,22.5,12.0,Carlos Carrasco,6.42,Quinn Priester,8.75,2.33,0
2023-08-15,2023,Pittsburgh Pirates,4.0,7.0,35439.0,Final,716988,78.1,0.0,1,1,1,Edwin Diaz Trumpet Bobblehead,54,54.0,66,66.0,0.45,0.45,L1,W1,-1,1.0,23.5,11.0,David Peterson,6.05,Bailey Falter,5.73,-0.3199999999999994,0
2023-08-16,2023,Pittsburgh Pirates,8.0,3.0,30049.0,Final,716974,76.0,0.2,1,1,0,Max Scherzer Two-Toned Sunglasses,55,54.0,66,67.0,0.455,0.446,W1,L1,1,-1.0,23.5,11.0,Tylor Megill,5.64,Johan Oviedo,4.42,-1.2199999999999998,0
2023-08-25,2023,Los Angeles Angels,1.0,3.0,38271.0,Final,716855,75.5,0.0,2,1,0,Kodai Senga Glow-in-the-Dark Ghost Fork Ball; Japanese Heritage Night,59,62.0,70,67.0,0.457,0.481,L3,W1,-3,1.0,25.0,10.5,Kodai Senga,3.19,Patrick Sandoval,4.08,0.8900000000000001,0
2023-08-26,2023,Los Angeles Angels,3.0,5.0,35890.0,Final,716840,79.0,0.0,1,1,0,Women's Equality Night,59,63.0,71,67.0,0.454,0.485,L4,W2,-4,2.0,26.0,10.5,Carlos Carrasco,6.42,Chase Silseth,3.94,-2.48,0
2023-08-27,2023,Los Angeles Angels,3.0,2.0,38341.0,Final,716829,78.1,0.0,1,1,0,Taiwanese Heritage Night,60,63.0,71,68.0,0.458,0.481,W1,L1,1,-1.0,25.0,11.5,David Peterson,5.97,Griffin Canning,4.46,-1.5099999999999998,0
2023-08-28,2023,Texas Rangers,3.0,4.0,21696.0,Final,716818,71.8,0.0,0,0,0,,60,74.0,72,57.0,0.455,0.565,L1,W1,-1,1.0,26.0,1.0,Tylor Megill,5.54,Jon Gray,3.76,-1.7800000000000002,0
2023-08-29,2023,Texas Rangers,1.0,2.0,29353.0,Final,716799,76.0,0.0,0,0,0,,60,75.0,73,57.0,0.451,0.568,L2,W2,-2,2.0,27.0,0.0,Jose Quintana,3.73,Andrew Heaney,4.34,0.6099999999999999,0
2023-08-30,2023,Texas Rangers,6.0,5.0,23849.0,Final,716783,80.4,0.0,1,1,0,MLB Network Hat,61,75.0,73,58.0,0.455,0.564,W1,L1,1,-1.0,27.0,1.0,Denyi Reyes,15.88,Dane Dunning,3.64,-12.24,0
2023-09-01,2023,Seattle Mariners,2.0,1.0,33340.0,Final,716769,69.6,0.0,2,1,0,Chinese Heritage Night; Fireworks Night,62,76.0,73,58.0,0.459,0.567,W2,L1,2,-1.0,27.5,0.0,Kodai Senga,3.17,Logan Gilbert,3.66,0.4900000000000002,0
2023-09-02,2023,Seattle Mariners,7.0,8.0,31480.0,Final,716751,71.0,0.0,1,1,0,Mets Corduroy Hat,62,77.0,74,58.0,0.456,0.57,L1,W1,-1,1.0,28.5,0.0,David Peterson,5.54,Luis Castillo,3.01,-2.5300000000000002,0
2023-09-03,2023,Seattle Mariners,6.0,3.0,27764.0,Final,716742,82.4,0.0,1,1,0,Jewish Heritage Night,63,77.0,74,59.0,0.46,0.566,W1,L1,1,-1.0,27.5,0.0,Tylor Megill,5.29,George Kirby,3.28,-2.0100000000000002,0
2023-09-11,2023,Arizona Diamondbacks,3.0,4.0,25230.0,Final,716627,75.3,0.3,0,0,0,,65,76.0,78,69.0,0.455,0.524,L1,W1,-1,1.0,28.5,12.0,Jose Quintana,3.0,Zach Davies,6.81,3.8099999999999996,0
2023-09-12,2023,Arizona Diamondbacks,7.0,4.0,33506.0,Final,716615,77.6,0.0,1,1,0,Mets Hockey Jersey,66,76.0,78,70.0,0.458,0.521,W1,L1,1,-1.0,28.5,13.0,José Buttó,2.81,Ryne Nelson,5.3,2.4899999999999998,1
2023-09-13,2023,Arizona Diamondbacks,7.0,1.0,22026.0,Final,716595,74.9,0.1,0,0,0,,67,76.0,78,71.0,0.462,0.517,W2,L2,2,-2.0,28.5,13.0,Joey Lucchesi,3.54,Zac Gallen,3.31,-0.22999999999999998,0
2023-09-14,2023,Arizona Diamondbacks,11.0,1.0,22879.0,Final,716588,72.0,0.0,0,0,0,,68,76.0,78,72.0,0.466,0.514,W3,L3,3,-3.0,28.0,13.5,Kodai Senga,3.07,Merrill Kelly,3.16,0.0900000000000003,0
2023-09-15,2023,Cincinnati Reds,3.0,5.0,27811.0,Final,716574,67.6,0.0,1,1,0,Hispanic Heritage Night,68,77.0,79,72.0,0.463,0.517,L1,W1,-1,1.0,28.0,7.0,David Peterson,5.63,Hunter Greene,4.43,-1.2000000000000002,0
2023-09-16,2023,Cincinnati Reds,2.0,3.0,32633.0,Final,716555,71.6,0.0,0,0,0,,68,78.0,80,72.0,0.459,0.52,L2,W2,-2,2.0,28.0,7.0,Tylor Megill,5.03,Andrew Abbott,3.64,-1.3900000000000001,0
2023-09-17,2023,Cincinnati Reds,8.0,4.0,38044.0,Final,716545,68.4,0.0,0,0,0,,69,78.0,80,73.0,0.463,0.517,W1,L1,1,-1.0,27.0,7.0,Jose Quintana,3.05,Brandon Williamson,4.47,1.42,0
2023-09-27,2023,Miami Marlins,2.0,4.0,24966.0,Final,716430,61.2,0.0,0,0,0,,72,82.0,86,76.0,0.456,0.519,L1,W1,-1,1.0,30.0,20.0,Kodai Senga,2.96,Johnny Cueto,6.64,3.6799999999999997,1
2023-09-27,2023,Miami Marlins,11.0,2.0,,Final,716411,61.2,0.0,0,0,0,,72,82.0,86,76.0,0.456,0.519,L1,W1,-1,1.0,30.0,20.0,Joey Lucchesi,2.88,Braxton Garrett,3.48,0.6000000000000001,1
2023-09-30,2023,Philadelphia Phillies,11.0,4.0,41102.0,Final,716393,66.3,0.0,1,1,0,Tie-Dye Headband,75,89.0,86,72.0,0.466,0.553,W3,L3,3,-3.0,29.0,15.0,Jose Quintana,3.39,Michael Plassmeyer,,,0
2023-09-30,2023,Philadelphia Phillies,4.0,3.0,,Final,716376,66.3,0.0,1,1,0,Tie-Dye Headband,75,89.0,86,72.0,0.466,0.553,W3,L3,3,-3.0,29.0,15.0,Tylor Megill,4.92,Taijuan Walker,4.35,-0.5700000000000003,0
2023-10-01,2023,Philadelphia Phillies,1.0,9.0,41212.0,Final,716355,72.0,0.0,0,0,0,,75,90.0,87,72.0,0.463,0.556,L1,W1,-1,1.0,29.0,14.0,José Buttó,3.19,Matt Strahm,4.18,0.9899999999999998,0
2024-03-29,2024,Milwaukee Brewers,1.0,3.0,42137.0,Final,745848,48.7,0.0,0,0,0,,0,1.0,1,0.0,0.0,1.0,L1,W1,-1,1.0,1.0,0.5,Jose Quintana,,Freddy Peralta,,,0
2024-03-30,2024,Milwaukee Brewers,6.0,7.0,30296.0,Final,745850,55.1,0.0,0,0,0,,0,2.0,2,0.0,0.0,1.0,L2,W2,-2,2.0,2.0,0.5,Luis Severino,,DL Hall,,,0
2024-03-31,2024,Milwaukee Brewers,1.0,4.0,22222.0,Final,745845,57.2,0.0,0,0,0,,0,3.0,3,0.0,0.0,1.0,L3,W3,-3,3.0,2.0,0.5,Tylor Megill,,Colin Rea,,,0
2024-04-01,2024,Detroit Tigers,0.0,5.0,16853.0,Final,745842,51.2,0.0,1,1,0,Rugby Shirt,0,4.0,4,0.0,0.0,1.0,L4,W4,-4,4.0,3.0,0.0,Sean Manaea,,Reese Olson,,,0
2024-04-04,2024,Detroit Tigers,2.0,1.0,15020.0,Final,745843,44.8,0.0,0,0,0,,1,5.0,5,1.0,0.167,0.833,W1,L1,1,-1.0,2.5,0.0,José Buttó,,Matt Manning,,,0
2024-04-04,2024,Detroit Tigers,3.0,6.0,,Final,745844,44.8,0.0,0,0,0,,1,5.0,5,1.0,0.167,0.833,W1,L1,1,-1.0,2.5,0.0,Adrian Houser,,Casey Mize,,,0
2024-04-12,2024,Kansas City Royals,6.0,1.0,18822.0,Final,745838,61.3,0.0,0,0,0,,6,9.0,7,5.0,0.462,0.643,W2,L1,2,-1.0,2.5,1.0,Luis Severino,3.6,Michael Wacha,2.25,-1.35,0
2024-04-13,2024,Kansas City Royals,7.0,11.0,25387.0,Final,745839,50.4,0.1,0,0,0,,6,10.0,8,5.0,0.429,0.667,L1,W1,-1,1.0,2.5,0.0,Sean Manaea,0.82,Alec Marsh,3.09,2.27,1
2024-04-14,2024,Kansas City Royals,2.0,1.0,32749.0,Final,745841,59.3,0.0,1,1,0,Dwight Gooden Number Retirement,7,10.0,8,6.0,0.467,0.625,W1,L1,1,-1.0,2.5,0.5,José Buttó,1.5,Cole Ragans,2.6,1.1,1
2024-04-15,2024,Pittsburgh Pirates,6.0,3.0,18266.0,Final,745840,68.7,0.0,0,0,0,,8,11.0,8,6.0,0.5,0.647,W2,L1,2,-1.0,2.5,0.0,Adrian Houser,5.4,Martín Pérez,1.89,-3.5100000000000007,0
2024-04-16,2024,Pittsburgh Pirates,3.0,1.0,18398.0,Final,745837,63.9,0.0,0,0,0,,9,11.0,8,7.0,0.529,0.611,W3,L2,3,-2.0,2.5,0.0,Jose Quintana,3.45,Jared Jones,4.0,0.5499999999999998,0
2024-04-17,2024,Pittsburgh Pirates,9.0,1.0,18092.0,Final,745836,51.1,0.2,0,0,0,,10,11.0,8,8.0,0.556,0.579,W4,L3,4,-3.0,2.5,1.0,Luis Severino,3.0,Bailey Falter,4.2,1.2000000000000002,0
2024-04-26,2024,St. Louis Cardinals,2.0,4.0,24159.0,Final,745835,49.9,0.0,0,0,0,,13,12.0,12,14.0,0.52,0.462,L1,W2,-1,2.0,5.5,5.5,José Buttó,1.65,Miles Mikolas,6.49,4.84,1
2024-04-27,2024,St. Louis Cardinals,4.0,7.0,32332.0,Final,745833,50.8,0.0,1,1,0,Hogwarts House Scarves,13,13.0,13,14.0,0.5,0.481,L2,W3,-2,3.0,5.5,4.5,Adrian Houser,7.45,Sonny Gray,1.04,-6.41,0
2024-04-28,2024,St. Louis Cardinals,4.0,2.0,30980.0,Final,745834,62.5,0.1,0,0,0,,14,13.0,13,15.0,0.519,0.464,W1,L1,1,-1.0,5.5,4.5,Jose Quintana,4.21,Lance Lynn,2.81,-1.4,0
2024-04-29,2024,Chicago Cubs,1.0,3.0,25046.0,Final,745832,68.9,0.1,0,0,0,,14,18.0,14,11.0,0.5,0.621,L1,W1,-1,1.0,5.5,0.0,Luis Severino,2.67,Jameson Taillon,1.69,-0.98,1
2024-04-30,2024,Chicago Cubs,4.0,2.0,22880.0,Final,745831,63.3,0.0,0,0,0,,15,18.0,14,12.0,0.517,0.6,W1,L1,1,-1.0,4.5,0.5,Sean Manaea,3.33,Javier Assad,2.0,-1.33,0
2024-05-01,2024,Chicago Cubs,0.0,1.0,22485.0,Final,745829,59.9,0.0,0,0,0,,15,19.0,15,12.0,0.5,0.613,L1,W1,-1,1.0,5.5,0.5,José Buttó,2.86,Shota Imanaga,0.98,-1.88,1
2024-05-02,2024,Chicago Cubs,7.0,6.0,22224.0,Final,745830,71.2,0.0,0,0,0,,16,19.0,15,13.0,0.516,0.594,W1,L1,1,-1.0,5.0,1.0,Adrian Houser,8.37,Ben Brown,2.51,-5.859999999999999,0
2024-05-10,2024,Atlanta Braves,2.0,4.0,23355.0,Final,745827,50.2,0.2,0,0,0,,18,23.0,19,12.0,0.486,0.657,L1,W3,-1,3.0,8.0,2.0,Jose Quintana,5.2,Charlie Morton,3.5,-1.7000000000000002,0
2024-05-11,2024,Atlanta Braves,1.0,4.0,38919.0,Final,745828,53.3,0.0,1,1,1,Mr. Met London Telephone Booth Bobblehead,18,24.0,20,12.0,0.474,0.667,L2,W4,-2,4.0,9.0,2.0,Christian Scott,1.35,Max Fried,4.23,2.8800000000000003,1
2024-05-12,2024,Atlanta Braves,4.0,3.0,18944.0,Final,745825,52.1,0.0,1,1,0,Tumbler,19,24.0,20,13.0,0.487,0.649,W1,L1,1,-1.0,8.0,2.0,Luis Severino,2.92,Bryce Elder,5.28,2.3600000000000003,1
2024-05-13,2024,Philadelphia Phillies,4.0,5.0,28086.0,Final,745826,58.7,0.0,0,0,0,,19,29.0,21,13.0,0.475,0.69,L1,W1,-1,1.0,9.0,0.0,Sean Manaea,3.31,Cristopher Sánchez,3.22,-0.08999999999999986,0
2024-05-14,2024,Philadelphia Phillies,0.0,4.0,30047.0,Final,745821,62.1,0.1,0,0,0,,19,30.0,22,13.0,0.463,0.698,L2,W2,-2,2.0,10.0,0.0,José Buttó,3.0,Aaron Nola,3.67,0.6699999999999999,0
2024-05-24,2024,San Francisco Giants,7.0,8.0,26658.0,Final,745822,75.5,0.0,0,0,0,,21,26.0,29,26.0,0.42,0.5,L4,W3,-4,3.0,15.0,6.5,Christian Scott,4.32,Kyle Harrison,3.6,-0.7200000000000002,0
2024-05-25,2024,San Francisco Giants,2.0,7.0,32971.0,Final,745823,66.9,0.0,1,1,0,Artist Series: Joel Mesler Beach Tote,21,27.0,30,26.0,0.412,0.509,L5,W4,-5,4.0,16.0,5.5,Luis Severino,3.48,Jordan Hicks,2.38,-1.1,0
2024-05-26,2024,San Francisco Giants,4.0,3.0,41016.0,Final,745824,67.5,0.0,1,1,1,Hello Kitty Light-up Bow Bobblehead,22,27.0,30,27.0,0.423,0.5,W1,L1,1,-1.0,15.0,5.5,Sean Manaea,3.11,Logan Webb,3.03,-0.08000000000000007,0
2024-05-28,2024,Los Angeles Dodgers,0.0,3.0,36021.0,Final,745816,77.5,0.0,0,0,0,,22,35.0,32,22.0,0.407,0.614,L2,W2,-2,2.0,15.0,0.0,Jose Quintana,5.13,Gavin Stone,3.6,-1.5299999999999998,0
2024-05-28,2024,Los Angeles Dodgers,2.0,5.0,,Final,745818,77.5,0.0,0,0,0,,22,35.0,32,22.0,0.407,0.614,L2,W2,-2,2.0,15.0,0.0,Tylor Megill,3.0,Tyler Glasnow,3.09,0.08999999999999986,0
2024-05-29,2024,Los Angeles Dodgers,3.0,10.0,23890.0,Final,745817,70.1,0.1,0,0,0,,22,36.0,33,22.0,0.4,0.621,L3,W3,-3,3.0,16.0,0.0,David Peterson,,James Paxton,3.49,,0
2024-05-30,2024,Arizona Diamondbacks,3.0,2.0,20926.0,Final,745819,68.0,0.0,0,0,0,,23,25.0,33,31.0,0.411,0.446,W1,L4,1,-4.0,15.5,10.0,Christian Scott,3.97,Zac Gallen,3.12,-0.8500000000000001,0
2024-05-31,2024,Arizona Diamondbacks,10.0,9.0,33884.0,Final,745820,72.0,0.0,1,1,0,Fireworks Night,24,25.0,33,32.0,0.421,0.439,W2,L5,2,-5.0,15.5,10.0,Luis Severino,3.22,Jordan Montgomery,4.69,1.4700000000000002,0
2024-06-01,2024,Arizona Diamondbacks,5.0,10.0,30600.0,Final,745812,76.3,0.0,1,1,0,Darryl Strawberry Number Retirement,24,26.0,34,32.0,0.414,0.448,L1,W1,-1,1.0,16.5,10.0,Sean Manaea,3.16,Slade Cecconi,5.27,2.1099999999999994,0
2024-06-02,2024,Arizona Diamondbacks,4.0,5.0,31059.0,Final,745813,72.5,0.0,0,0,0,,24,27.0,35,32.0,0.407,0.458,L2,W2,-2,2.0,16.5,10.0,Jose Quintana,5.06,Brandon Pfaadt,4.16,-0.8999999999999995,0
2024-06-11,2024,Miami Marlins,2.0,4.0,22070.0,Final,745815,69.9,0.1,0,0,0,,28,23.0,37,43.0,0.431,0.348,L1,W1,-1,1.0,17.5,23.0,Tylor Megill,3.0,Jesús Luzardo,5.3,2.3,0
2024-06-12,2024,Miami Marlins,10.0,4.0,19803.0,Final,745811,70.2,0.0,0,0,0,,29,23.0,37,44.0,0.439,0.343,W1,L1,1,-1.0,16.5,23.0,David Peterson,3.09,Braxton Garrett,5.81,2.7199999999999998,0
2024-06-13,2024,Miami Marlins,3.0,2.0,22485.0,Final,745809,73.5,0.0,0,0,0,,30,23.0,37,45.0,0.448,0.338,W2,L2,2,-2.0,15.5,23.0,Luis Severino,3.25,Roddery Muñoz,5.95,2.7,0
2024-06-14,2024,San Diego Padres,2.0,1.0,22850.0,Final,745810,71.4,1.1,0,0,0,,31,37.0,37,36.0,0.456,0.507,W3,L1,3,-1.0,15.5,7.0,Sean Manaea,4.3,Matt Waldron,3.76,-0.54,0
2024-06-15,2024,San Diego Padres,5.0,1.0,37031.0,Final,745805,77.1,0.0,1,1,0,Hawaiian Shirt,32,37.0,37,37.0,0.464,0.5,W4,L2,4,-2.0,14.5,7.0,Jose Quintana,5.29,Adam Mazur,9.0,3.71,0
2024-06-16,2024,San Diego Padres,11.0,6.0,31454.0,Final,745807,69.3,0.0,0,0,0,,33,37.0,37,38.0,0.471,0.493,W5,L3,5,-3.0,13.5,8.0,Tylor Megill,3.51,Dylan Cease,3.36,-0.1499999999999999,0
2024-06-25,2024,New York Yankees,9.0,7.0,42824.0,Final,745806,79.3,0.0,0,0,0,,38,52.0,39,29.0,0.494,0.642,W2,L2,2,-2.0,13.0,0.0,David Peterson,3.97,Gerrit Cole,4.5,0.5299999999999998,0
2024-06-26,2024,New York Yankees,12.0,2.0,43004.0,Final,745808,79.9,0.0,0,0,0,,39,52.0,39,30.0,0.5,0.634,W3,L3,3,-3.0,13.0,0.0,Sean Manaea,4.16,Luis Gil,2.77,-1.3900000000000001,0
2024-06-28,2024,Houston Astros,7.0,2.0,32465.0,Final,745804,69.5,0.0,1,1,0,Fireworks Night,40,40.0,39,41.0,0.506,0.494,W4,L1,4,-1.0,12.5,5.5,Jose Quintana,4.58,Ronel Blanco,2.34,-2.24,0
2024-06-29,2024,Houston Astros,6.0,9.0,32348.0,Final,745801,75.8,0.0,0,0,0,,40,41.0,40,41.0,0.5,0.5,L1,W1,-1,1.0,12.5,4.5,Tylor Megill,4.81,Framber Valdez,3.68,-1.1299999999999994,0
2024-06-30,2024,Houston Astros,5.0,10.0,26853.0,Final,745802,80.9,3.9,1,1,0,Basketball Jersey,40,42.0,41,41.0,0.494,0.506,L2,W2,-2,2.0,13.5,3.5,Luis Severino,3.29,Shawn Dubin,,,0
2024-07-09,2024,Washington Nationals,7.0,5.0,31243.0,Final,745803,79.6,0.1,1,1,0,Soccer Jersey,45,42.0,45,50.0,0.5,0.457,W1,L3,1,-3.0,13.5,17.5,Jose Quintana,4.22,Jake Irvin,2.8,-1.42,0
2024-07-10,2024,Washington Nationals,6.0,2.0,24887.0,Final,745796,78.9,0.0,0,0,0,,46,42.0,45,51.0,0.505,0.452,W2,L4,2,-4.0,13.5,18.5,Luis Severino,3.83,Patrick Corbin,5.49,1.6600000000000001,0
2024-07-11,2024,Washington Nationals,7.0,0.0,25710.0,Final,745799,80.1,0.0,0,0,0,,47,42.0,45,52.0,0.511,0.447,W3,L5,3,-5.0,13.5,19.5,David Peterson,3.58,MacKenzie Gore,3.83,0.25,0
2024-07-12,2024,Colorado Rockies,7.0,6.0,28852.0,Final,745800,78.6,0.3,1,1,1,Nimmo Bobblehead,48,33.0,45,62.0,0.516,0.347,W4,L2,4,-2.0,12.5,23.0,Sean Manaea,3.43,Tanner Gordon,7.11,3.68,0
2024-07-13,2024,Colorado Rockies,7.0,3.0,31029.0,Final,745798,80.1,0.0,1,1,0,Artist Series: Rashid Johnson Bucket Hat,49,33.0,45,63.0,0.521,0.344,W5,L3,5,-3.0,12.5,23.0,Christian Scott,4.15,Ryan Feltner,5.29,1.1399999999999997,0
2024-07-14,2024,Colorado Rockies,5.0,8.0,24970.0,Final,745797,80.7,0.0,0,0,0,,49,34.0,46,63.0,0.516,0.351,L1,W1,-1,1.0,12.5,22.0,Jose Quintana,3.91,Germán Márquez,,,0
2024-07-25,2024,Atlanta Braves,3.0,2.0,34807.0,Final,745794,84.0,0.0,1,1,0,Pickleball Paddle,54,54.0,48,47.0,0.529,0.535,W4,L5,4,-5.0,10.0,9.5,Luis Severino,3.58,Chris Sale,2.7,-0.8799999999999999,0
2024-07-26,2024,Atlanta Braves,8.0,4.0,34673.0,Final,745792,82.7,0.0,1,1,0,Fireworks Night,55,54.0,48,48.0,0.534,0.529,W5,L6,5,-6.0,9.0,9.5,Kodai Senga,,Charlie Morton,3.83,,0
2024-07-27,2024,Atlanta Braves,0.0,4.0,35149.0,Final,745793,79.7,0.0,1,1,0,Piazza Mercury Mets Replica Jersey,55,55.0,49,48.0,0.529,0.534,L1,W1,-1,1.0,10.0,9.5,Tylor Megill,5.08,Spencer Schwellenbach,4.62,-0.45999999999999996,0
2024-07-28,2024,Atlanta Braves,2.0,9.0,26916.0,Final,745795,77.3,0.0,0,0,0,,55,56.0,50,48.0,0.524,0.538,L2,W2,-2,2.0,10.0,8.5,David Peterson,3.14,Reynaldo López,2.12,-1.02,0
2024-07-29,2024,Minnesota Twins,15.0,2.0,28507.0,Final,745791,77.7,0.0,0,0,0,,56,58.0,50,47.0,0.528,0.552,W1,L1,1,-1.0,9.0,5.5,Jose Quintana,4.02,Simeon Woods Richardson,3.27,-0.7499999999999996,0
2024-07-30,2024,Minnesota Twins,2.0,0.0,27767.0,Final,745787,78.8,0.0,0,0,0,,57,58.0,50,48.0,0.533,0.547,W2,L2,2,-2.0,8.0,6.5,Sean Manaea,3.74,David Festa,10.8,7.0600000000000005,0
2024-07-31,2024,Minnesota Twins,3.0,8.0,28875.0,Final,745789,80.0,0.8,1,1,0,Topps Baseball Cards,57,59.0,51,48.0,0.528,0.551,L1,W1,-1,1.0,8.0,6.0,Luis Severino,3.58,Pablo López,4.73,1.1500000000000004,0
2024-08-13,2024,Oakland Athletics,4.0,9.0,31923.0,Final,745788,77.6,0.0,0,0,0,,61,,58,,0.513,,L4,,-4,,8.0,,Paul Blackburn,3.86,Joe Boyle,7.16,3.3000000000000003,0
2024-08-14,2024,Oakland Athletics,9.0,1.0,28288.0,Final,745790,80.1,0.0,0,0,0,,62,,58,,0.517,,W1,,1,,8.0,,David Peterson,3.34,Joey Estes,4.86,1.5200000000000005,0
2024-08-15,2024,Oakland Athletics,6.0,7.0,28461.0,Final,745783,82.4,0.0,0,0,0,,62,,59,,0.512,,L1,,-1,,9.0,,Jose Quintana,4.1,Mitch Spence,4.35,0.25,0
2024-08-16,2024,Miami Marlins,7.0,3.0,32311.0,Final,745784,78.2,0.1,1,1,0,Fireworks Night,63,45.0,59,77.0,0.516,0.369,W1,L2,1,-2.0,9.0,27.0,Sean Manaea,3.44,Roddery Muñoz,5.73,2.2900000000000005,0
2024-08-17,2024,Miami Marlins,4.0,0.0,34744.0,Final,745785,75.2,0.1,0,0,0,,64,45.0,59,78.0,0.52,0.366,W2,L3,2,-3.0,9.0,28.0,Luis Severino,4.17,Max Meyer,5.2,1.0300000000000002,0
2024-08-18,2024,Miami Marlins,2.0,3.0,30596.0,Final,745786,75.1,0.2,1,1,0,Football Jersey,64,46.0,60,78.0,0.516,0.371,L1,W1,-1,1.0,9.0,27.0,Paul Blackburn,4.43,Valente Bellozo,2.28,-2.15,0
2024-08-19,2024,Baltimore Orioles,4.0,3.0,26874.0,Final,745780,74.3,0.4,0,0,0,,65,73.0,60,53.0,0.52,0.579,W1,L1,1,-1.0,8.5,0.5,David Peterson,3.04,Trevor Rogers,4.89,1.8499999999999996,0
2024-08-20,2024,Baltimore Orioles,5.0,9.0,34225.0,Final,745782,69.9,0.0,0,0,0,,65,74.0,61,53.0,0.516,0.583,L1,W1,-1,1.0,8.5,0.0,Jose Quintana,4.26,Dean Kremer,4.48,0.22000000000000064,0
2024-08-21,2024,Baltimore Orioles,4.0,3.0,32871.0,Final,745781,70.6,0.0,0,0,0,,66,74.0,61,54.0,0.52,0.578,W1,L1,1,-1.0,8.5,0.5,Sean Manaea,3.46,Cole Irvin,4.06,0.5999999999999996,0
2024-09-02,2024,Boston Red Sox,4.0,1.0,35064.0,Final,745779,74.7,0.0,0,0,0,,74,70.0,64,68.0,0.536,0.507,W5,L3,5,-3.0,7.5,10.0,Luis Severino,3.96,Brayan Bello,4.66,0.7000000000000002,0
2024-09-03,2024,Boston Red Sox,7.0,2.0,29400.0,Final,745778,70.8,0.0,0,0,0,,75,70.0,64,69.0,0.54,0.504,W6,L4,6,-4.0,7.5,10.5,David Peterson,2.83,Kutter Crawford,4.12,1.29,1
2024-09-04,2024,Boston Red Sox,8.0,3.0,26270.0,Final,745776,69.8,0.0,0,0,0,,76,70.0,64,70.0,0.543,0.5,W7,L5,7,-5.0,7.5,10.5,Tylor Megill,4.83,Tanner Houck,3.12,-1.71,0
2024-09-06,2024,Cincinnati Reds,6.0,4.0,25335.0,Final,745777,73.4,0.0,0,0,0,,77,68.0,64,74.0,0.546,0.479,W8,L1,8,-1.0,8.0,13.5,Sean Manaea,3.35,Fernando Cruz,1.8,-1.55,0
2024-09-07,2024,Cincinnati Reds,4.0,0.0,34048.0,Final,745775,67.0,2.0,0,0,0,,78,68.0,64,75.0,0.549,0.476,W9,L2,9,-2.0,7.0,14.5,Jose Quintana,4.27,Jakob Junis,1.12,-3.1499999999999995,0
2024-09-08,2024,Cincinnati Reds,1.0,3.0,28142.0,Final,745774,68.2,0.0,0,0,0,,78,69.0,65,75.0,0.545,0.479,L1,W1,-1,1.0,7.0,13.5,Luis Severino,3.84,Julian Aguiar,6.48,2.6400000000000006,0
2024-09-16,2024,Washington Nationals,2.0,1.0,21694.0,Final,745773,71.2,0.0,0,0,0,,82,68.0,68,82.0,0.547,0.453,W1,L1,1,-1.0,8.0,22.0,Sean Manaea,3.35,Jake Irvin,4.19,0.8400000000000003,0
2024-09-17,2024,Washington Nationals,10.0,1.0,24932.0,Final,745772,73.1,0.0,0,0,0,,83,68.0,68,83.0,0.55,0.45,W2,L2,2,-2.0,8.0,23.0,Tylor Megill,4.48,Mitchell Parker,4.24,-0.2400000000000002,0
2024-09-18,2024,Washington Nationals,10.0,0.0,34196.0,Final,745771,72.1,0.0,1,1,0,Reversible Hoodie,84,68.0,68,84.0,0.553,0.447,W3,L3,3,-3.0,7.0,23.0,Jose Quintana,3.91,DJ Herz,3.7,-0.20999999999999996,0
2024-09-19,2024,Philadelphia Phillies,10.0,6.0,35982.0,Final,745769,80.8,0.0,0,0,0,,85,91.0,68,62.0,0.556,0.595,W4,L2,4,-2.0,6.0,0.0,Luis Severino,3.77,Taijuan Walker,6.5,2.73,0
2024-09-20,2024,Philadelphia Phillies,2.0,12.0,41474.0,Final,745770,74.9,0.0,0,0,0,,85,92.0,69,62.0,0.552,0.597,L1,W1,-1,1.0,7.0,0.0,David Peterson,2.85,Cristopher Sánchez,3.24,0.3900000000000001,1
2024-09-21,2024,Philadelphia Phillies,6.0,3.0,44152.0,Final,745768,69.6,0.0,1,1,0,Fan Appreciation Beanie,86,92.0,69,63.0,0.555,0.594,W1,L1,1,-1.0,6.0,0.0,Sean Manaea,3.26,Ranger Suarez,3.13,-0.1299999999999999,0
2024-09-22,2024,Philadelphia Phillies,2.0,1.0,43139.0,Final,745767,70.0,0.0,0,0,0,,87,92.0,69,64.0,0.558,0.59,W2,L2,2,-2.0,5.0,0.0,Tylor Megill,4.07,Zack Wheeler,2.56,-1.5100000000000002,0
2025-04-04,2025,Toronto Blue Jays,5.0,0.0,43945.0,Final,778465,64.0,0.0,0,0,0,,4,5.0,3,3.0,0.571,0.625,W2,L1,2,-1.0,2.0,0.5,Tylor Megill,1.8,Kevin Gausman,3.0,1.2,1
2025-04-05,2025,Toronto Blue Jays,3.0,2.0,37694.0,Final,778446,47.3,0.2,1,1,0,Juan Soto Players Pin,5,5.0,3,4.0,0.625,0.556,W3,L2,3,-2.0,1.0,1.5,Griffin Canning,3.18,Chris Bassitt,1.5,-1.6800000000000002,0
2025-04-06,2025,Toronto Blue Jays,2.0,1.0,40132.0,Final,778435,56.1,0.0,1,1,0,2025 Schedule Picture Frame,6,5.0,3,5.0,0.667,0.5,W4,L3,4,-3.0,1.0,1.5,David Peterson,3.0,Bowden Francis,3.0,0.0,0
2025-04-07,2025,Miami Marlins,2.0,0.0,28630.0,Final,778416,43.3,0.1,0,0,0,,7,5.0,3,5.0,0.7,0.5,W5,L1,5,-1.0,0.5,2.5,Kodai Senga,3.6,Valente Bellozo,2.08,-1.52,0
2025-04-08,2025,Miami Marlins,10.0,5.0,28861.0,Final,778407,39.2,0.0,0,0,0,,8,5.0,3,6.0,0.727,0.455,W6,L2,6,-2.0,0.0,3.0,Clay Holmes,2.89,Connor Gillispie,3.6,0.71,1
2025-04-09,2025,Miami Marlins,0.0,5.0,29232.0,Final,778390,43.5,0.0,0,0,0,,8,6.0,4,6.0,0.667,0.5,L1,W1,-1,1.0,0.5,2.5,Tylor Megill,0.87,Max Meyer,3.09,2.2199999999999998,1
2025-04-17,2025,St. Louis Cardinals,4.0,1.0,38246.0,Final,778278,57.3,0.0,0,0,0,,12,9.0,7,10.0,0.632,0.474,W1,L1,1,-1.0,0.0,2.0,Griffin Canning,4.2,Andre Pallante,2.2,-2.0,0
2025-04-18,2025,St. Louis Cardinals,5.0,4.0,39627.0,Final,778270,55.1,0.0,1,1,0,Brandon Nimmo Hoodie Jersey,13,9.0,7,11.0,0.65,0.45,W2,L2,2,-2.0,0.0,3.0,David Peterson,2.7,Miles Mikolas,9.0,6.3,1
2025-04-19,2025,St. Louis Cardinals,3.0,0.0,42339.0,Final,778256,79.9,0.0,1,1,1,Mr. Met Empire State Building Bobblehead,14,9.0,7,12.0,0.667,0.429,W3,L3,3,-3.0,0.0,4.0,Kodai Senga,1.06,Matthew Liberatore,3.93,2.87,1
2025-04-20,2025,St. Louis Cardinals,7.0,4.0,38347.0,Final,778244,63.4,0.0,0,0,0,,15,9.0,7,13.0,0.682,0.409,W4,L4,4,-4.0,0.0,4.0,Clay Holmes,3.66,Sonny Gray,3.13,-0.5300000000000002,0
2025-04-21,2025,Philadelphia Phillies,5.0,4.0,35430.0,Final,778225,52.8,0.0,0,0,0,,16,13.0,7,10.0,0.696,0.565,W5,L2,5,-2.0,0.0,3.0,Tylor Megill,1.4,Aaron Nola,6.65,5.25,1
2025-04-22,2025,Philadelphia Phillies,5.0,1.0,36468.0,Final,778223,73.7,0.0,0,0,0,,17,13.0,7,11.0,0.708,0.542,W6,L3,6,-3.0,0.0,4.0,Griffin Canning,3.43,Cristopher Sánchez,2.96,-0.4700000000000002,0
2025-04-23,2025,Philadelphia Phillies,4.0,3.0,36863.0,Final,778203,69.9,0.0,0,0,0,,18,13.0,7,12.0,0.72,0.52,W7,L4,7,-4.0,0.0,5.0,David Peterson,3.27,Zack Wheeler,3.73,0.45999999999999996,0
2025-04-29,2025,Arizona Diamondbacks,8.0,3.0,35218.0,Final,778130,64.1,0.0,0,0,0,,21,15.0,9,14.0,0.7,0.517,W2,L1,2,-1.0,0.0,4.5,David Peterson,3.29,Eduardo Rodriguez,4.4,1.1100000000000003,0
2025-04-30,2025,Arizona Diamondbacks,3.0,4.0,31904.0,Final,778117,71.2,0.0,0,0,0,,21,16.0,10,14.0,0.677,0.533,L1,W1,-1,1.0,0.0,4.5,Huascar Brazobán,0.0,Corbin Burnes,4.05,4.05,1
2025-05-01,2025,Arizona Diamondbacks,2.0,4.0,36239.0,Final,778103,62.2,0.0,0,0,0,,21,17.0,11,14.0,0.656,0.548,L2,W2,-2,2.0,0.0,4.0,Kodai Senga,1.26,Zac Gallen,5.57,4.3100000000000005,1
2025-05-09,2025,Chicago Cubs,7.0,2.0,41243.0,Final,778001,61.2,0.5,1,1,0,Clay Holmes Hockey Jersey,25,22.0,14,17.0,0.641,0.564,W2,L3,2,-3.0,0.0,0.0,Clay Holmes,2.95,Jameson Taillon,3.86,0.9099999999999997,1
2025-05-10,2025,Chicago Cubs,5.0,6.0,41423.0,Final,777982,66.6,0.0,1,1,1,Edwin Diaz Bobblehead,25,23.0,15,17.0,0.625,0.575,L1,W1,-1,1.0,0.0,0.0,Tylor Megill,2.5,Brad Keller,,,1
2025-05-11,2025,Chicago Cubs,6.0,2.0,41673.0,Final,777968,69.1,0.0,1,1,0,Mother's Day Clutch Purse,26,23.0,15,18.0,0.634,0.561,W1,L1,1,-1.0,0.0,0.0,Griffin Canning,2.5,Matthew Boyd,2.75,0.25,1
2025-05-12,2025,Pittsburgh Pirates,4.0,3.0,35580.0,Final,777950,62.5,0.0,0,0,0,,27,14.0,15,28.0,0.643,0.333,W2,L1,2,-1.0,0.0,10.0,David Peterson,3.05,Paul Skenes,2.77,-0.2799999999999998,0
2025-05-13,2025,Pittsburgh Pirates,2.0,1.0,35926.0,Final,777943,62.8,0.2,0,0,0,,28,14.0,15,29.0,0.651,0.326,W3,L2,3,-2.0,0.0,11.0,Kodai Senga,1.16,Mitch Keller,4.4,3.24,1
2025-05-14,2025,Pittsburgh Pirates,0.0,4.0,34473.0,Final,777919,61.9,1.5,0,0,0,,28,15.0,16,29.0,0.636,0.341,L1,W1,-1,1.0,0.0,10.0,Clay Holmes,2.74,Bailey Falter,4.36,1.62,1
2025-05-23,2025,Los Angeles Dodgers,5.0,7.0,40449.0,Final,777808,59.2,0.1,0,0,0,,30,32.0,21,19.0,0.588,0.627,L1,W3,-1,3.0,3.0,0.0,Griffin Canning,2.47,Clayton Kershaw,11.25,8.78,1
2025-05-24,2025,Los Angeles Dodgers,5.0,2.0,41332.0,Final,777789,60.1,0.0,1,1,0,Kodai Senga Replica Jersey,31,32.0,21,20.0,0.596,0.615,W1,L1,1,-1.0,3.0,0.0,David Peterson,2.86,Tony Gonsolin,4.05,1.19,1
2025-05-25,2025,Los Angeles Dodgers,3.0,1.0,41917.0,Final,777773,64.1,0.0,1,1,1,Mark Vientos Bobblehead,32,32.0,21,21.0,0.604,0.604,W2,L2,2,-2.0,2.0,0.0,Kodai Senga,1.43,Landon Knack,6.61,5.180000000000001,1
2025-05-26,2025,Chicago White Sox,2.0,1.0,39938.0,Final,777758,68.0,0.0,1,1,0,Sean Manaea Camo Jersey,33,17.0,21,37.0,0.611,0.315,W3,L2,3,-2.0,1.5,17.5,Clay Holmes,3.13,Adrian Houser,0.0,-3.13,0
2025-05-27,2025,Chicago White Sox,6.0,4.0,34944.0,Final,777749,64.8,0.0,0,0,0,,34,17.0,21,38.0,0.618,0.309,W4,L3,4,-3.0,1.5,18.5,Tylor Megill,3.56,Jonathan Cannon,4.35,0.7899999999999996,0
2025-05-28,2025,Chicago White Sox,4.0,9.0,34021.0,Final,777737,57.7,1.4,0,0,0,,34,18.0,22,38.0,0.607,0.321,L1,W1,-1,1.0,2.0,18.5,Griffin Canning,2.88,Shane Smith,2.36,-0.52,1
2025-05-30,2025,Colorado Rockies,4.0,2.0,41270.0,Final,777718,65.5,0.0,1,1,1,Hello Kitty Bobblehead,35,9.0,22,48.0,0.614,0.158,W1,L6,1,-6.0,1.0,26.0,David Peterson,2.79,Kyle Freeland,5.86,3.0700000000000003,1
2025-05-31,2025,Colorado Rockies,8.0,2.0,41681.0,Final,777700,62.2,0.7,1,1,1,Hello Kitty Bobblehead,36,9.0,22,49.0,0.621,0.155,W2,L7,2,-7.0,0.0,27.0,Kodai Senga,1.46,Antonio Senzatela,6.5,5.04,1
2025-06-01,2025,Colorado Rockies,5.0,3.0,43224.0,Final,777686,63.8,0.0,1,1,1,Hello Kitty Bobblehead,37,9.0,22,50.0,0.627,0.153,W3,L8,3,-8.0,0.0,27.0,Clay Holmes,2.98,Carson Palmquist,8.78,5.799999999999999,1
2025-06-10,2025,Washington Nationals,5.0,4.0,38472.0,Final,777570,74.0,0.0,0,0,0,,43,30.0,24,36.0,0.642,0.455,W4,L3,4,-3.0,0.0,12.5,Griffin Canning,2.9,MacKenzie Gore,2.87,-0.029999999999999805,1
2025-06-11,2025,Washington Nationals,5.0,0.0,40681.0,Final,777555,77.8,0.0,0,0,0,,44,30.0,24,37.0,0.647,0.448,W5,L4,5,-4.0,0.0,13.5,David Peterson,2.8,Jake Irvin,4.02,1.2199999999999998,1
2025-06-12,2025,Washington Nationals,4.0,3.0,39779.0,Final,777544,88.7,0.0,0,0,0,,45,30.0,24,38.0,0.652,0.441,W6,L5,6,-5.0,0.0,14.5,Kodai Senga,1.59,Michael Soroka,4.86,3.2700000000000005,1
2025-06-13,2025,Tampa Bay Rays,5.0,7.0,41622.0,Final,777528,76.8,0.2,1,1,0,Pride Tank Top,45,37.0,25,32.0,0.643,0.536,L1,W1,-1,1.0,0.0,5.5,Clay Holmes,2.95,Taj Bradley,4.58,1.63,1
2025-06-14,2025,Tampa Bay Rays,4.0,8.0,41662.0,Final,777518,63.9,0.4,1,1,0,Mr. Met Plushie,45,38.0,26,32.0,0.634,0.543,L2,W2,-2,2.0,0.0,4.5,Tylor Megill,3.76,Drew Rasmussen,2.22,-1.5399999999999996,0
2025-06-15,2025,Tampa Bay Rays,0.0,9.0,42804.0,Final,777502,65.5,0.0,1,1,0,Hawaiian Shirt,45,39.0,27,32.0,0.625,0.549,L3,W3,-3,3.0,0.0,3.5,Griffin Canning,3.22,Shane Baz,4.97,1.7499999999999996,0
2025-06-23,2025,Atlanta Braves,2.0,3.0,38593.0,Final,777389,88.2,0.0,0,0,0,,46,36.0,33,41.0,0.582,0.468,L2,W1,-2,1.0,1.5,10.5,Paul Blackburn,3.12,Spencer Schwellenbach,3.26,0.13999999999999968,0
2025-06-24,2025,Atlanta Braves,4.0,7.0,38130.0,Final,777387,101.7,0.0,0,0,0,,46,37.0,34,41.0,0.575,0.474,L3,W2,-3,2.0,1.5,9.5,Frankie Montas,,Spencer Strider,3.89,,0
2025-06-25,2025,Atlanta Braves,7.0,3.0,38275.0,Final,777369,98.2,0.0,0,0,0,,47,37.0,34,42.0,0.58,0.468,W1,L1,1,-1.0,0.5,9.5,Clay Holmes,3.04,Didier Fuentes,7.2,4.16,0
2025-06-26,2025,Atlanta Braves,4.0,0.0,42646.0,Final,777352,77.7,0.0,1,1,0,Reversible Bucket Hat,48,37.0,34,43.0,0.585,0.463,W2,L2,2,-2.0,0.0,10.0,Griffin Canning,3.91,Grant Holmes,3.75,-0.16000000000000014,0
2025-07-02,2025,Milwaukee Brewers,7.0,3.0,41123.0,Final,777276,79.2,0.1,0,0,0,,49,48.0,38,38.0,0.563,0.558,W1,L1,1,-1.0,2.0,3.0,Huascar Brazobán,0.0,Jacob Misiorowski,1.12,1.12,1
2025-07-02,2025,Milwaukee Brewers,2.0,7.0,36335.0,Final,777289,79.2,0.1,0,0,0,,49,48.0,38,38.0,0.563,0.558,W1,L1,1,-1.0,2.0,3.0,Clay Holmes,2.97,Freddy Peralta,2.9,-0.07000000000000028,1
2025-07-03,2025,Milwaukee Brewers,3.0,2.0,42241.0,Final,777257,83.4,0.1,1,1,0,Juan Soto Replica Jersey,50,48.0,38,39.0,0.568,0.552,W2,L2,2,-2.0,1.5,4.0,David Peterson,3.3,Jose Quintana,3.3,0.0,0
2025-07-04,2025,New York Yankees,6.0,5.0,41216.0,Final,777250,82.3,0.0,0,0,0,,51,48.0,38,40.0,0.573,0.545,W3,L5,3,-5.0,0.5,2.0,Justin Hagenman,,Marcus Stroman,8.16,,0
2025-07-05,2025,New York Yankees,12.0,6.0,41401.0,Final,777241,81.9,0.0,0,0,0,,52,48.0,38,41.0,0.578,0.539,W4,L6,4,-6.0,0.5,3.0,Frankie Montas,6.0,Carlos Rodón,2.95,-3.05,0
2025-07-06,2025,New York Yankees,4.0,6.0,41117.0,Final,777216,82.3,0.0,0,0,0,,52,49.0,39,41.0,0.571,0.544,L1,W1,-1,1.0,1.5,3.0,Chris Devenski,,Max Fried,2.13,,0
2025-07-18,2025,Cincinnati Reds,4.0,8.0,42390.0,Final,777111,84.8,0.0,0,0,0,,55,51.0,43,47.0,0.561,0.52,L2,W3,-2,3.0,0.5,7.5,Sean Manaea,,Nick Lodolo,3.38,,0
2025-07-19,2025,Cincinnati Reds,2.0,5.0,42605.0,Final,777092,79.6,0.0,0,0,0,,55,52.0,44,47.0,0.556,0.525,L3,W4,-3,4.0,1.5,7.5,Clay Holmes,3.31,Nick Martinez,4.92,1.6099999999999999,0
2025-07-20,2025,Cincinnati Reds,3.0,2.0,42981.0,Final,777087,87.8,0.2,1,1,1,David Wright Bobblehead,56,52.0,44,48.0,0.56,0.52,W1,L1,1,-1.0,0.5,7.5,David Peterson,3.06,Andrew Abbott,2.07,-0.9900000000000002,0
2025-07-21,2025,Los Angeles Angels,7.0,5.0,41442.0,Final,777061,85.3,0.0,0,0,0,,57,49.0,44,51.0,0.564,0.49,W2,L1,2,-1.0,0.5,9.0,Kodai Senga,1.39,Tyler Anderson,4.34,2.95,1
2025-07-22,2025,Los Angeles Angels,3.0,2.0,43055.0,Final,777054,77.4,0.0,0,0,0,,58,49.0,44,52.0,0.569,0.485,W3,L2,3,-2.0,0.5,10.0,Frankie Montas,5.03,Kyle Hendricks,4.88,-0.15000000000000036,0
2025-07-23,2025,Los Angeles Angels,6.0,3.0,41591.0,Final,777034,78.6,0.0,1,1,0,Topps Baseball Cards,59,49.0,44,53.0,0.573,0.48,W4,L3,4,-3.0,0.0,11.0,Sean Manaea,2.25,Brock Burke,,,1
2025-08-01,2025,San Francisco Giants,3.0,4.0,42777.0,Final,776926,71.9,0.0,0,0,0,,62,55.0,48,55.0,0.564,0.5,L4,W1,-4,1.0,0.5,9.0,David Peterson,2.83,Robbie Ray,2.93,0.10000000000000009,1
2025-08-02,2025,San Francisco Giants,12.0,6.0,43455.0,Final,776911,75.9,0.0,1,1,1,Francisco Alvarez Bobblehead,63,55.0,48,56.0,0.568,0.495,W1,L1,1,-1.0,0.0,9.0,Kodai Senga,2.0,Kai-Wei Teng,,,1
2025-08-03,2025,San Francisco Giants,4.0,12.0,42876.0,Final,776887,78.6,0.0,1,1,0,Mini Bat,63,56.0,49,56.0,0.563,0.5,L1,W1,-1,1.0,0.5,9.0,Frankie Montas,5.46,Carson Whisenhunt,7.2,1.7400000000000002,0
2025-08-04,2025,Cleveland Guardians,6.0,7.0,37886.0,Final,776876,83.7,0.0,0,0,0,,63,57.0,50,55.0,0.558,0.509,L2,W1,-2,1.0,1.5,8.0,Sean Manaea,1.93,Slade Cecconi,3.77,1.84,1
2025-08-05,2025,Cleveland Guardians,2.0,3.0,39895.0,Final,776863,80.8,0.0,0,0,0,,63,58.0,51,55.0,0.553,0.513,L3,W2,-3,2.0,2.5,7.0,Clay Holmes,3.45,Logan Allen,4.1,0.6499999999999995,0
2025-08-06,2025,Cleveland Guardians,1.0,4.0,40072.0,Final,776846,75.9,0.0,0,0,0,,63,59.0,52,55.0,0.548,0.518,L4,W3,-4,3.0,2.5,6.0,David Peterson,2.83,Gavin Williams,3.33,0.5,1
2025-08-12,2025,Atlanta Braves,13.0,5.0,39748.0,Final,776772,81.5,0.0,0,0,0,,64,51.0,55,68.0,0.538,0.429,W1,L1,1,-1.0,5.0,18.0,Clay Holmes,3.46,Spencer Strider,4.04,0.5800000000000001,0
2025-08-13,2025,Atlanta Braves,6.0,11.0,38647.0,Final,776756,80.5,0.1,1,1,1,Mrs. Met Gives Back Bobblehead,64,52.0,56,68.0,0.533,0.433,L1,W1,-1,1.0,5.0,17.0,David Peterson,2.98,Carlos Carrasco,5.82,2.8400000000000003,1
2025-08-14,2025,Atlanta Braves,3.0,4.0,41782.0,Final,776748,86.2,0.0,2,1,0,Player Replica Jersey; Fireworks Night,64,53.0,57,68.0,0.529,0.438,L2,W2,-2,2.0,5.0,16.0,Kodai Senga,2.3,Bryce Elder,6.12,3.8200000000000003,1
2025-08-15,2025,Seattle Mariners,9.0,11.0,41200.0,Final,776736,84.1,0.0,1,1,0,Shea Stadium Replica,64,68.0,58,55.0,0.525,0.553,L3,W1,-3,1.0,6.0,0.5,Sean Manaea,4.56,Luis Castillo,3.19,-1.3699999999999997,0
2025-08-16,2025,Seattle Mariners,3.0,1.0,42978.0,Final,776726,80.3,0.1,1,1,1,Juan Soto Bobblehead,65,68.0,58,56.0,0.528,0.548,W1,L1,1,-1.0,5.0,1.5,Nolan McLean,,Bryan Woo,3.08,,0
2025-08-25,2025,Philadelphia Phillies,13.0,3.0,41983.0,Final,776598,84.5,0.0,0,0,0,,70,76.0,61,55.0,0.534,0.58,W1,L1,1,-1.0,6.0,0.0,Kodai Senga,2.58,Cristopher Sánchez,2.46,-0.1200000000000001,1
2025-08-26,2025,Philadelphia Phillies,6.0,5.0,41914.0,Final,776585,76.3,0.0,1,1,0,SNY Players Pins,71,76.0,61,56.0,0.538,0.576,W2,L2,2,-2.0,5.0,0.0,Sean Manaea,5.4,Jesús Luzardo,4.1,-1.3000000000000007,0
2025-08-27,2025,Philadelphia Phillies,6.0,0.0,41893.0,Final,776566,75.0,0.0,0,0,0,,72,76.0,61,57.0,0.541,0.571,W3,L3,3,-3.0,4.0,0.0,Nolan McLean,1.46,Taijuan Walker,3.39,1.9300000000000002,1
2025-08-28,2025,Miami Marlins,4.0,7.0,37975.0,Final,776558,72.6,0.3,1,1,0,Fireworks Night,72,63.0,62,71.0,0.537,0.47,L1,W1,-1,1.0,5.0,14.0,Clay Holmes,3.6,Adam Mazur,6.35,2.7499999999999996,0
2025-08-29,2025,Miami Marlins,19.0,9.0,42112.0,Final,776548,76.4,0.0,1,1,0,Peanuts Day,73,63.0,62,72.0,0.541,0.467,W1,L1,1,-1.0,5.0,15.0,Jonah Tong,,Eury Pérez,3.44,,0
2025-08-30,2025,Miami Marlins,8.0,11.0,42726.0,Final,776535,76.3,0.0,1,1,1,Francisco Lindor Bobblehead,73,64.0,63,72.0,0.537,0.471,L1,W1,-1,1.0,6.0,15.0,David Peterson,3.18,Edward Cabrera,3.32,0.13999999999999968,0
2025-08-31,2025,Miami Marlins,1.0,5.0,43302.0,Final,776519,73.8,0.0,0,0,0,,73,65.0,64,72.0,0.533,0.474,L2,W2,-2,2.0,6.0,14.0,Kodai Senga,2.73,Sandy Alcantara,5.87,3.14,1
2025-09-12,2025,Texas Rangers,3.0,8.0,41040.0,Final,776359,74.8,0.0,0,0,0,,76,78.0,72,70.0,0.514,0.527,L7,W5,-7,5.0,12.0,2.0,Jonah Tong,4.09,Jacob deGrom,2.78,-1.31,0
2025-09-13,2025,Texas Rangers,2.0,3.0,41752.0,Final,776349,71.3,0.0,1,1,1,Mrs. Met Taxicab Bobblehead,76,79.0,73,70.0,0.51,0.53,L8,W6,-8,6.0,13.0,2.0,Brandon Sproat,4.5,Patrick Corbin,4.36,-0.13999999999999968,0
2025-09-14,2025,Texas Rangers,5.0,2.0,40024.0,Final,776335,75.8,0.0,1,1,0,Color-In Lunchbox,77,79.0,73,71.0,0.513,0.527,W1,L1,1,-1.0,12.0,3.0,Nolan McLean,1.42,Jacob Latz,2.73,1.31,1
2025-09-16,2025,San Diego Padres,8.0,3.0,41819.0,Final,776304,70.2,0.0,0,0,0,,78,82.0,73,69.0,0.517,0.543,W2,L1,2,-1.0,12.5,2.0,Clay Holmes,3.75,Michael King,2.87,-0.8799999999999999,0
2025-09-17,2025,San Diego Padres,4.0,7.0,41783.0,Final,776288,67.6,0.1,1,1,1,Francisco Lindor Bobblehead,78,83.0,74,69.0,0.513,0.546,L1,W1,-1,1.0,12.5,2.0,David Peterson,3.77,Nick Pivetta,2.73,-1.04,0
2025-09-18,2025,San Diego Padres,6.0,1.0,38127.0,Final,776276,76.8,0.0,0,0,0,,79,83.0,74,70.0,0.516,0.542,W1,L1,1,-1.0,12.0,3.0,Jonah Tong,8.49,Randy Vásquez,3.69,-4.800000000000001,0
2025-09-19,2025,Washington Nationals,12.0,6.0,39484.0,Final,776259,80.9,0.0,1,1,0,Pop-up Home Run Apple Figurine,80,62.0,74,92.0,0.519,0.403,W2,L5,2,-5.0,12.0,30.0,Brandon Sproat,2.25,Andrew Alvarez,1.15,-1.1,1
2025-09-20,2025,Washington Nationals,3.0,5.0,43412.0,Final,776252,70.9,0.0,1,1,0,Long Sleeve T-Shirt,80,63.0,75,92.0,0.516,0.406,L1,W1,-1,1.0,12.0,29.0,Nolan McLean,1.19,Cade Cavalli,4.76,3.57,1
2025-09-21,2025,Washington Nationals,2.0,3.0,42960.0,Final,776237,66.6,0.0,0,0,0,,80,64.0,76,92.0,0.513,0.41,L2,W2,-2,2.0,12.0,28.0,Sean Manaea,5.98,Jake Irvin,5.76,-0.22000000000000064,0
